Deck,Type,Name,Description,Mechanic
Alpha Centauri,Ability,AI Implant,Neural computer assists with calculations data storage and tactical analysis,"{""skill_bonus"":""logic"",""value"":1}"
Alpha Centauri,Ability,Cryo-Recovery,Heal faster when in cold environments or cryo-sleep,"{""heal_bonus"":2,""condition"":""cold""}"
Alpha Centauri,Ability,Doesn't Need Sleep,Biological modifications allow 4-hour rest cycles instead of sleep,"{""utility"":""rest""}"
Alpha Centauri,Ability,Drone Control Interface,Direct neural link to command up to 5 autonomous drones,"{""minion_count"":5}"
Alpha Centauri,Ability,Emergency Stasis,Automatically enter suspended animation when critically injured,"{""auto_stabilize"":true}"
Alpha Centauri,Ability,Engineered Biology,Genetically optimized organs resistant to disease and toxins,"{""resistance"":""poison""}"
Alpha Centauri,Ability,Enhanced Reflexes,Reaction time 3x faster than baseline human,"{""initiative"":2}"
Alpha Centauri,Ability,Exo-Suit Proficiency,Trained to operate powered armor like a second skin,"{""proficiency"":""power_armor""}"
Alpha Centauri,Ability,Hacking Uplink,Direct interface with computer systems through touch,"{""skill_bonus"":""hacking"",""value"":1}"
Alpha Centauri,Ability,Implanted Weapon Systems,Retractable plasma casters or blade launchers built into forearms,"{""damage"":2,""concealed"":true}"
Alpha Centauri,Ability,Innate Jumper,Can teleport short distances (50 feet) instinctively during stress,"{""movement"":""teleport""}"
Alpha Centauri,Ability,Photosynthesis Skin,Specialized skin cells generate energy from starlight,"{""utility"":""sustenance""}"
Alpha Centauri,Ability,Radiation Resistance,Shielded cells protect against cosmic and nuclear radiation,"{""resistance"":""radiation""}"
Alpha Centauri,Ability,Seismic Sense,Detect vibrations through solid surfaces within 100 feet,"{""perception"":""vibration""}"
Alpha Centauri,Ability,Telekinesis,Move objects with your mind at distances up to 30 feet,"{""utility"":""teleport""}"
Alpha Centauri,Ability,Telepathy,Read surface thoughts and send mental messages to willing recipients,"{""social"":""telepathy""}"
Alpha Centauri,Character,Asteroid Miner,Rough worker extracting resources from the belt,"{""power_level"":2,""connection"":""industrial""}"
Alpha Centauri,Character,Centauri Dragon,Massive alien apex predator native to Proxima D,"{""power_level"":5,""hostile"":true}"
Alpha Centauri,Character,Centauri Governor,Political leader of one of the system's major settlements,"{""power_level"":3,""connection"":""political""}"
Alpha Centauri,Character,Corporate Spy,Agent stealing trade secrets between megacorporations,"{""power_level"":3,""connection"":""corporate""}"
Alpha Centauri,Character,Cryo-Tech Doctor,Medical specialist in suspended animation systems,"{""power_level"":2,""connection"":""medical""}"
Alpha Centauri,Character,Hydroponics Farmer,Cultivate crops in artificial environments aboard stations,"{""power_level"":1,""connection"":""civilian""}"
Alpha Centauri,Character,Proxima Mercenary,Gun-for-hire from the rough colonies of Proxima,"{""power_level"":3,""connection"":""military""}"
Alpha Centauri,Character,Proxima Native,Born and raised on Proxima B adapted to harsh conditions,"{""power_level"":2,""connection"":""local""}"
Alpha Centauri,Character,Salvage Scavenger,Recovers valuable materials from derelict ships,"{""power_level"":2,""connection"":""criminal""}"
Alpha Centauri,Character,Shuttle Pilot,Skilled operator of short-range spacecraft,"{""power_level"":2,""connection"":""transport""}"
Alpha Centauri,Character,Solar Merchant,Trader who deals in rare minerals from stellar mining operations,"{""power_level"":2,""connection"":""trade""}"
Alpha Centauri,Character,Space Station President,Administrator of a major orbital facility,"{""power_level"":3,""connection"":""political""}"
Alpha Centauri,Character,Stellar Worm,Enigmatic alien creature that lives in the vacuum of space,"{""power_level"":5,""hostile"":true}"
Alpha Centauri,Character,Terraform Engineer,Reshape entire planetary atmospheres and biospheres,"{""power_level"":2,""connection"":""science""}"
Alpha Centauri,Character,Union Representative,Labor organizer fighting for workers rights,"{""power_level"":2,""connection"":""labor""}"
Alpha Centauri,Character,Xenogeologist,Scientist studying alien planetary formations,"{""power_level"":2,""connection"":""science""}"
Alpha Centauri,Drawback,Artificial Gravity Addiction,Physical dependence on rotation-based gravity,"{""complication"":true}"
Alpha Centauri,Drawback,Bone Density Loss,Skeletal degradation from extended zero-G exposure,"{""weakness"":""physical""}"
Alpha Centauri,Drawback,Call of the Void,Inexplicable urge to expose yourself to vacuum,"{""sanity_loss"":true}"
Alpha Centauri,Drawback,Claustrophobia,Panic attacks in confined spaces,"{""fear"":""confined_spaces""}"
Alpha Centauri,Drawback,Corporate Debt Bondage,Indentured servitude to a megacorporation,"{""debt"":true}"
Alpha Centauri,Drawback,Earth Sickness,Depression and longing for a planet you've never seen,"{""morale"":-1}"
Alpha Centauri,Drawback,Fear of the Sky,Agoraphobia developed from living in enclosed spaces,"{""fear"":""open_spaces""}"
Alpha Centauri,Drawback,Gravity Weakness,Chronic pain in standard gravity after living in low-G,"{""weakness"":""gravity""}"
Alpha Centauri,Drawback,Insomnia,Inability to enter cryo-sleep properly,"{""fatigue"":true}"
Alpha Centauri,Drawback,Jump Sickness,Nausea and disorientation after FTL travel,"{""sickness"":""ftl""}"
Alpha Centauri,Drawback,Memory Fragmentation,Cryo-sleep has damaged long-term memory storage,"{""amnesia"":true}"
Alpha Centauri,Drawback,Oxygen Dependence,Require higher O2 levels than standard atmosphere,"{""dependency"":""oxygen""}"
Alpha Centauri,Drawback,Radiation Poisoning,Cumulative exposure causing chronic illness,"{""sickness"":""radiation""}"
Alpha Centauri,Drawback,Solar Flare Sensitivity,Extreme reactions to stellar radiation bursts,"{""weakness"":""radiation""}"
Alpha Centauri,Drawback,Techno-Virus,Malware infection in your cybernetic implants,"{""glitch"":true}"
Alpha Centauri,Drawback,Vertigo,Severe disorientation in three-dimensional space,"{""disorientation"":true}"
Alpha Centauri,Item,Cargo Ship,Massive freight hauler for transporting goods,"{""vehicle"":""cargo""}"
Alpha Centauri,Item,Ceramic Armor,Lightweight protective plating resistant to energy weapons,"{""armor"":2,""tag"":""light""}"
Alpha Centauri,Item,Data Pad,Portable computer for accessing databases and work,"{""utility"":""computer""}"
Alpha Centauri,Item,Emergency Beacon,Powerful long-range distress transmitter,"{""utility"":""signal""}"
Alpha Centauri,Item,Flare Gun,Emergency signal device that launches brilliant flares,"{""utility"":""signal""}"
Alpha Centauri,Item,Fusion Battery,High-capacity power cell for equipment and vehicles,"{""utility"":""power""}"
Alpha Centauri,Item,Geo-Scanner,Handheld device for detecting mineral deposits,"{""utility"":""scan""}"
Alpha Centauri,Item,Hydro-Spanner,Universal repair tool essential for maintaining ship systems,"{""utility"":""repair""}"
Alpha Centauri,Item,Mag-Boots,Magnetic footwear allowing you to walk on metal surfaces in zero-G,"{""movement"":""zero-g""}"
Alpha Centauri,Item,Mining Ship,Industrial vessel equipped with drilling lasers,"{""vehicle"":""mining""}"
Alpha Centauri,Item,Plasma Gun,Standard sidearm firing superheated ionized gas,"{""damage"":3,""range"":""medium""}"
Alpha Centauri,Item,Portable Air Scrubber,Personal CO2 recycling unit extends oxygen supply,"{""utility"":""survival""}"
Alpha Centauri,Item,Ration Packs,Vacuum-sealed nutritionally complete meals,"{""consumable"":true}"
Alpha Centauri,Item,Refined Nebula Gas,Exotic fuel source harvested from stellar nebulae,"{""value"":""high""}"
Alpha Centauri,Item,Space Suit,EVA suit with life support and radiation shielding,"{""armor"":1,""environment"":""vacuum""}"
Alpha Centauri,Item,Star Fighter,Agile combat spacecraft for dogfighting,"{""vehicle"":""combat""}"
Alpha Centauri,Skill,Atmosphere Analysis,Determine breathability and safety of alien air,"{""skill"":""science""}"
Alpha Centauri,Skill,Botany,Cultivate plants in artificial environments,"{""skill"":""science""}"
Alpha Centauri,Skill,Centauri Language Expert,Fluent in dialects slang and cultural nuances,"{""skill"":""social""}"
Alpha Centauri,Skill,Electronics Repair,Fix and maintain complex technical systems,"{""skill"":""tech""}"
Alpha Centauri,Skill,Emergency Medicine,Treat injuries and illnesses with limited resources,"{""skill"":""medicine""}"
Alpha Centauri,Skill,Energy Based Weapons,Proficiency with plasma laser and particle beam weaponry,"{""skill"":""combat""}"
Alpha Centauri,Skill,Extra Vehicular Activity,Safely operate outside pressurized environments,"{""skill"":""survival""}"
Alpha Centauri,Skill,First Contact Protocol,Proper diplomatic procedures for encountering unknown species,"{""skill"":""social""}"
Alpha Centauri,Skill,Geology,Identify valuable mineral deposits,"{""skill"":""science""}"
Alpha Centauri,Skill,Heavy Machinery Operation,Operate mining equipment and construction vehicles,"{""skill"":""tech""}"
Alpha Centauri,Skill,Jump Space Calculations,Plot faster-than-light routes,"{""skill"":""pilot""}"
Alpha Centauri,Skill,Proxima Martial Arts,Combat system developed specifically for zero-G,"{""skill"":""combat""}"
Alpha Centauri,Skill,Space Combat Strategy,Tactical understanding of three-dimensional warfare,"{""skill"":""tactics""}"
Alpha Centauri,Skill,Space Piloting,Operate spacecraft from small shuttles to large vessels,"{""skill"":""pilot""}"
Alpha Centauri,Skill,Trading,Negotiate deals and understand market values,"{""skill"":""social""}"
Alpha Centauri,Skill,Zero G Gym,Physical conditioning for weightlessness,"{""skill"":""athletics""}"
Alpha Centauri,Trait,Adaptable,Quickly adjust to new situations alien cultures,"{""trait"":true}"
Alpha Centauri,Trait,Analytical,Logical mind that excels at problem-solving,"{""trait"":true}"
Alpha Centauri,Trait,Balance,Exceptional equilibrium especially in zero-gravity,"{""trait"":true}"
Alpha Centauri,Trait,Cold-Adapted,Comfortable in near-freezing temperatures,"{""trait"":true}"
Alpha Centauri,Trait,Disciplined,Self-control and strict adherence to protocols,"{""trait"":true}"
Alpha Centauri,Trait,Immune System,Robust resistance to disease and alien pathogens,"{""trait"":true}"
Alpha Centauri,Trait,Intuitive Navigator,Possess natural three-dimensional spatial sense,"{""trait"":true}"
Alpha Centauri,Trait,Multi-Spectral Vision,Eyes process ultraviolet and infrared wavelengths,"{""trait"":true}"
Alpha Centauri,Trait,Radiation-Hardened,Cellular structure naturally resistant to cosmic rays,"{""trait"":true}"
Alpha Centauri,Trait,Reflexes,Lightning-fast reaction time providing edge in combat,"{""trait"":true}"
Alpha Centauri,Trait,Resourceful,Ability to improvise solutions with limited supplies,"{""trait"":true}"
Alpha Centauri,Trait,Stellar Intuition,Uncanny ability to predict stellar phenomena,"{""trait"":true}"
Alpha Centauri,Trait,Strength,Physical power enhanced through exercise or augmentation,"{""trait"":true}"
Alpha Centauri,Trait,Tech-Savvy,Intuitive understanding of technology,"{""trait"":true}"
Alpha Centauri,Trait,Vacuum-Born,Comfortable in low/zero pressure environments,"{""trait"":true}"
Alpha Centauri,Trait,Willpower,Mental fortitude to endure isolation and hardship,"{""trait"":true}"
Cyberpunk,Origin,Street Samurai,Honorable mercenary of the concrete jungle.,"{""components"":[""Reflexes (Trait)"",""Honor (Trait)"",""Kenjutsu (Skill)"",""Intimidation (Skill)"",""Athletics (Skill)"",""Mono-Katana (Item)"",""Armored Jacket (Item)"",""Sandevistan Speed (Ability)""],""drawbacks"":[""Cyberpsychosis Risk""]}"
Cyberpunk,Ability,Bio EMP,Discharge stored body electricity to fry nearby electronics,"{""damage"":1,""target"":""tech""}"
Cyberpunk,Ability,Chameleon Skin,Dermal cells change color and texture to blend in,"{""stealth"":2}"
Cyberpunk,Ability,Cyber-Arm Blades,Retractable mono-molecular blades housed in forearm,"{""damage"":2,""concealed"":true}"
Cyberpunk,Ability,Dermal Armor,Subdermal plating that stops small caliber rounds,"{""armor"":2}"
Cyberpunk,Ability,Implanted Weapon System,Concealed pop-out gun or blade in cybernetic limb,"{""damage"":2,""concealed"":true}"
Cyberpunk,Ability,Infrared Vision,Optical replacement allowing heat-signature tracking,"{""perception"":""heat""}"
Cyberpunk,Ability,Memory Download,Instantly learn a skillsoft packet temporarily,"{""utility"":""skill""}"
Cyberpunk,Ability,Muscle Implants,Synthetic fibers woven into muscles to increase lifting power,"{""strength"":2}"
Cyberpunk,Ability,Neural Linkup,Interface cables allow direct mental connection to machines,"{""utility"":""interface""}"
Cyberpunk,Ability,Optical Zoom/Record,Telescopic vision with internal storage for video,"{""perception"":""visual""}"
Cyberpunk,Ability,Pain Editor,Neural shunt that disconnects pain receptors on command,"{""resistance"":""pain""}"
Cyberpunk,Ability,Reflex Booster,Adrenal stimulant injector that slows down perception of time,"{""initiative"":2}"
Cyberpunk,Ability,Sandevistan Speed,Move faster than the eye can see,"{""initiative"":2}"
Cyberpunk,Ability,Subvocal Comms,Communicate silently via throat vibrations,"{""utility"":""comms""}"
Cyberpunk,Ability,Voice Modulator,Alter vocal cords to mimic voices,"{""social"":""deception""}"
Cyberpunk,Ability,Wall Running (Mag-Grip),Magnetic pads in palms and feet allow vertical movement,"{""movement"":""wall_run""}"
Cyberpunk,Character,Activist/Rebel,Fighting to tear down the corporate oligarchy,"{""power_level"":2,""connection"":""resistance""}"
Cyberpunk,Character,Android Mercenary,Combat model robot with removed inhibitor protocols,"{""power_level"":3,""connection"":""mercenary""}"
Cyberpunk,Character,Braindance Star,Celebrity whose recorded memories are sold as entertainment,"{""power_level"":2,""connection"":""media""}"
Cyberpunk,Character,City Police,Overworked underpaid enforcer of corporate law,"{""power_level"":3,""connection"":""police""}"
Cyberpunk,Character,Company Executive,High-ranking suit with resources and zero morals,"{""power_level"":3,""connection"":""corporate""}"
Cyberpunk,Character,Connected Bartender,Knows every rumor and secret in the sector,"{""power_level"":2,""connection"":""street""}"
Cyberpunk,Character,Corporate Assassin,Highly trained killer on the company payroll,"{""power_level"":4,""connection"":""corporate""}"
Cyberpunk,Character,Data Courier,Transports sensitive information in a head-storage drive,"{""power_level"":2,""connection"":""underworld""}"
Cyberpunk,Character,Drone Rigger,Controls a swarm of surveillance and combat drones,"{""power_level"":3,""connection"":""tech""}"
Cyberpunk,Character,Fixer (Job Broker),Middleman who matches mercenaries with paying clients,"{""power_level"":3,""connection"":""underworld""}"
Cyberpunk,Character,Jet Biker,Thrill-seeker belonging to a high-speed motorized gang,"{""power_level"":2,""connection"":""gang""}"
Cyberpunk,Character,Neural Hacker,A brilliant coder who lives mostly in the virtual expanse,"{""power_level"":2,""connection"":""tech""}"
Cyberpunk,Character,Organ Vendor,Shady dealer selling slightly used biological parts,"{""power_level"":2,""connection"":""black_market""}"
Cyberpunk,Character,Ripperdoc,Unlicensed surgeon operating out of a basement clinic,"{""power_level"":2,""connection"":""medical""}"
Cyberpunk,Character,Tech Cultist,Worships the singularity and machine evolution,"{""power_level"":2,""connection"":""cult""}"
Cyberpunk,Character,Wasteland Barbarian,Survivor from the toxic zones outside the city limits,"{""power_level"":3,""connection"":""outlander""}"
Cyberpunk,Drawback,Bio-Rejection,Body constantly fights the implants requires expensive medication,"{""sickness"":""rejection""}"
Cyberpunk,Drawback,Corporate Target,A megacorp has put a high price on your head,"{""hunted"":true}"
Cyberpunk,Drawback,Cyberpsychosis Risk,Too much chrome is causing dissociation from humanity,"{""sanity_loss"":true}"
Cyberpunk,Drawback,Debt Bondage,Owe a massive sum to a loan shark,"{""debt"":true}"
Cyberpunk,Drawback,Dopamine Starved,Ability to feel pleasure is dulled prone to risk-taking,"{""sanity_loss"":true}"
Cyberpunk,Drawback,EMP Vulnerability,Electrical attacks deal double damage and stun you,"{""weakness"":""electricity""}"
Cyberpunk,Drawback,Flashy Signature,Your hacks or gear leave a distinct trace easy to track,"{""stealth_penalty"":true}"
Cyberpunk,Drawback,Glitchy Vision,Optical implants fritz out under stress,"{""glitch"":true}"
Cyberpunk,Drawback,Identity Theft Victim,Your digital ID is compromised assets are frozen,"{""poverty"":true}"
Cyberpunk,Drawback,Insomniac,The neon lights and city noise make sleep nearly impossible,"{""fatigue"":true}"
Cyberpunk,Drawback,Net Addicted,Withdrawal symptoms occur if disconnected for over an hour,"{""addiction"":true}"
Cyberpunk,Drawback,Obsolescence,Your implants are outdated parts are hard to find,"{""maintenance"":true}"
Cyberpunk,Drawback,Paranoia,Constantly checking corners trust is a foreign concept,"{""sanity_loss"":true}"
Cyberpunk,Drawback,Sensory Overload,Loud noises and bright lights can cause seizures,"{""weakness"":""sensory""}"
Cyberpunk,Drawback,System Backdoor,A known exploit exists in your OS that hackers can abuse,"{""vulnerability"":true}"
Cyberpunk,Drawback,Tracker Implant (Unwanted),Someone knows where you are and you can't cut it out,"{""tracking"":true}"
Cyberpunk,Item,Armored Jacket,Kevlar weave street wear,"{""armor"":2}"
Cyberpunk,Item,Carbonweave Suit,Fashionable clothing that acts as ballistic armor,"{""armor"":1}"
Cyberpunk,Item,Combat Stims,Injectable drugs providing temporary speed and strength,"{""buff"":""combat""}"
Cyberpunk,Item,DiamondClub Membership,Access to the most exclusive and safe venue in the city,"{""utility"":""social""}"
Cyberpunk,Item,Encrypted Drive,Data stick with military-grade encryption,"{""value"":""high""}"
Cyberpunk,Item,Fake ID,High-quality digital identity capable of passing checkpoints,"{""utility"":""deception""}"
Cyberpunk,Item,Grav Bike,High-speed hovercycle for weaving through traffic,"{""vehicle"":""bike""}"
Cyberpunk,Item,Grav Car,Hover vehicle capable of vertical takeoff,"{""vehicle"":""car""}"
Cyberpunk,Item,Handheld Net Terminal,Portable deck for basic hacking and communication,"{""utility"":""hacking""}"
Cyberpunk,Item,Jamming Device,Blocks local wireless signals and communications,"{""utility"":""stealth""}"
Cyberpunk,Item,Molecular Blade,Knife with an edge sharpened to a single atom width,"{""damage"":2}"
Cyberpunk,Item,Mono-Filament Whip,Dangerous wire weapon capable of slicing limbs,"{""damage"":3,""tag"":""finesse""}"
Cyberpunk,Item,Mono-Katana,Blade sharpened to a single atom width,"{""damage"":3,""tag"":""finesse""}"
Cyberpunk,Item,Neural Proxy,Device that routes your consciousness through dummy identities,"{""utility"":""hacking""}"
Cyberpunk,Item,Portable Drone,Small flying unit for scouting or distraction,"{""utility"":""scout""}"
Cyberpunk,Item,Skeleton Key Card,Illegal decryption card for standard electronic locks,"{""utility"":""access""}"
Cyberpunk,Item,Smart Goggles,Eyewear providing HUD night vision and zoom,"{""perception"":1}"
Cyberpunk,Item,Stun Baton,Non-lethal weapon that delivers incapacitating shocks,"{""damage"":1,""tag"":""stun""}"
Cyberpunk,Skill,Athletics,Running jumping and physical conditioning,"{""skill"":""athletics""}"
Cyberpunk,Skill,Black Market Trading,Knowing the value of illicit goods and where to sell,"{""skill"":""social""}"
Cyberpunk,Skill,Coding,Write software create viruses and develop digital tools,"{""skill"":""tech""}"
Cyberpunk,Skill,Corporate Law,Navigation of bureaucracy and legal loopholes,"{""skill"":""knowledge""}"
Cyberpunk,Skill,Drone Piloting,Remote operation of unmanned aerial vehicles,"{""skill"":""pilot""}"
Cyberpunk,Skill,Grav Driving,Piloting hover vehicles in 3D urban environments,"{""skill"":""pilot""}"
Cyberpunk,Skill,Implant Repair,Installing and fixing cybernetic augmentations,"{""skill"":""tech""}"
Cyberpunk,Skill,Information Gathering,Sifting through data and rumors to find the truth,"{""skill"":""investigation""}"
Cyberpunk,Skill,Intimidation,Using presence or threats to coerce others,"{""skill"":""social""}"
Cyberpunk,Skill,Jury-Rigging,Making temporary repairs with duct tape and hope,"{""skill"":""tech""}"
Cyberpunk,Skill,Kenjutsu,Japanese sword martial arts,"{""skill"":""combat""}"
Cyberpunk,Skill,Mechanical,Repairing physical hardware drones and vehicles,"{""skill"":""tech""}"
Cyberpunk,Skill,Net Hacking,Breaking ice stealing data and subverting systems,"{""skill"":""tech""}"
Cyberpunk,Skill,Parkour,Efficient movement through complex urban architecture,"{""skill"":""athletics""}"
Cyberpunk,Skill,Slick Talking,Talking your way into or out of trouble,"{""skill"":""social""}"
Cyberpunk,Skill,Urban Stealth,Move unseen through crowded city environments,"{""skill"":""stealth""}"
Cyberpunk,Skill,Weapons Training,Proficiency with modern firearms and melee tech,"{""skill"":""combat""}"
Cyberpunk,Trait,Agility,Enhanced mobility and dexterity,"{""trait"":true}"
Cyberpunk,Trait,Alert,Constant vigilance for threats and opportunities,"{""trait"":true}"
Cyberpunk,Trait,Ambitious,Relentless drive to climb social and corporate ladder,"{""trait"":true}"
Cyberpunk,Trait,Brawn,Raw physical strength useful for intimidation,"{""trait"":true}"
Cyberpunk,Trait,Chrome-Adapted,Body accepts cybernetics without rejection,"{""trait"":true}"
Cyberpunk,Trait,Cold,Emotional detachment making ruthless decisions easier,"{""trait"":true}"
Cyberpunk,Trait,Corporate-Minded,Natural understanding of business hierarchies,"{""trait"":true}"
Cyberpunk,Trait,Grit,Determination to survive in brutal urban environment,"{""trait"":true}"
Cyberpunk,Trait,Honor,Adherence to a personal code of ethics,"{""trait"":true}"
Cyberpunk,Trait,Looks,Attractive appearance leveraged for social manipulation,"{""trait"":true}"
Cyberpunk,Trait,Neon-Blessed,Thrive in artificial light and electromagnetic fields,"{""trait"":true}"
Cyberpunk,Trait,Net Native,Grew up immersed in cyberspace,"{""trait"":true}"
Cyberpunk,Trait,Opportunistic,Quick to recognize and exploit situations for gain,"{""trait"":true}"
Cyberpunk,Trait,Rebellious,Instinctive resistance to authority,"{""trait"":true}"
Cyberpunk,Trait,Sharp Senses,Heightened perception from implants or training,"{""trait"":true}"
Cyberpunk,Trait,Street Smart,Instinctively understand urban dangers and crime,"{""trait"":true}"
Cyberpunk,Trait,Stylish,Distinctive personal aesthetic and fashion awareness,"{""trait"":true}"
Fantasy,Origin,Hedge Wizard,Self-taught caster from the wilds.,"{""components"":[""Wise (Trait)"",""Resourceful (Trait)"",""Alchemy (Skill)"",""History/Lore (Skill)"",""Survival (Skill)"",""Staff (Item)"",""Folk Magic (Ability)"",""Minor Illusion (Ability)""],""drawbacks"":[""Magic Addiction"",""Weak Constitution""]}"
Fantasy,Ability,Bardic Inspiration,Empower allies through stirring music and words,"{""buff"":""allies""}"
Fantasy,Ability,Beast Form,Transform into a powerful animal for limited time,"{""transform"":true}"
Fantasy,Ability,Blood Magic,Cast spells using life force as energy source,"{""damage"":3,""cost"":""hp""}"
Fantasy,Ability,Conjure,Summon creatures or objects to aid you,"{""summon"":true}"
Fantasy,Ability,Darkvision,See perfectly in complete darkness,"{""perception"":""dark""}"
Fantasy,Ability,Detect Magic,Sense presence and nature of magical energies,"{""perception"":""magic""}"
Fantasy,Ability,Divine Shield,Conjure protective barriers of holy energy,"{""shield"":2}"
Fantasy,Ability,Elemental Control,Command flames or frost to attack or defend,"{""damage"":2,""type"":""elemental""}"
Fantasy,Ability,Familiar Bond,Psychic link with animal companion,"{""minion"":true}"
Fantasy,Ability,Fireball,Explosive burst of flame,"{""damage"":3,""area"":true}"
Fantasy,Ability,Folk Magic,Simple spells for everyday tasks,"{""utility"":""magic""}"
Fantasy,Ability,Innate Sorcery,Born with natural magical talent,"{""skill_bonus"":""magic""}"
Fantasy,Ability,Magical Healing,Mend wounds and restore vitality,"{""heal"":2}"
Fantasy,Ability,Minor Illusion,Create visual or auditory distractions,"{""utility"":""deception""}"
Fantasy,Ability,Necromancer,Command undead servants and death magic,"{""minion"":""undead""}"
Fantasy,Ability,Rage,Enter berserker fury gaining strength,"{""buff"":""combat""}"
Fantasy,Ability,Shape Change,Transform into animal form,"{""transform"":true}"
Fantasy,Ability,Spirit Caller,Summon and bind spirits of dead,"{""summon"":true}"
Fantasy,Ability,Teleportation (Short Range),Instantly transport yourself up to 60 feet,"{""movement"":""teleport""}"
Fantasy,Ability,Trained Magician,Studied arcane arts through formal education,"{""skill_bonus"":""magic""}"
Fantasy,Character,Barbarian Chief,Leader of warrior tribe strong and proud,"{""power_level"":4,""connection"":""tribal""}"
Fantasy,Character,Barkeep,Tavern owner who knows everyone's secrets,"{""power_level"":2,""connection"":""local""}"
Fantasy,Character,Bounty Hunter,Professional tracker who captures criminals,"{""power_level"":3,""connection"":""law""}"
Fantasy,Character,Cultist,Fanatic devoted to dark god,"{""power_level"":2,""hostile"":true}"
Fantasy,Character,Dragon,Ancient intelligent reptile of immense power,"{""power_level"":5,""boss"":true}"
Fantasy,Character,Elven Ranger,Woodland protector skilled with bow,"{""power_level"":3,""connection"":""nature""}"
Fantasy,Character,Goblin Scout,Small cunning creature,"{""power_level"":1,""minion"":true}"
Fantasy,Character,Guard,Town watchman maintaining order,"{""power_level"":2,""connection"":""law""}"
Fantasy,Character,Guild Master,Leader of thieves or merchants,"{""power_level"":3,""connection"":""guild""}"
Fantasy,Character,Ogre,Large brutish creature,"{""power_level"":4,""hostile"":true}"
Fantasy,Character,Paladin,Holy warrior champion of justice,"{""power_level"":4,""connection"":""religious""}"
Fantasy,Character,Royal Personage,Noble wielding political power,"{""power_level"":2,""connection"":""noble""}"
Fantasy,Character,Travelling Merchant,Trader with exotic goods,"{""power_level"":2,""connection"":""trade""}"
Fantasy,Character,Undead Knight,Cursed warrior fighting after death,"{""power_level"":4,""hostile"":true}"
Fantasy,Character,Village Elder,Wise leader knowing local history,"{""power_level"":1,""connection"":""local""}"
Fantasy,Character,Wizard's Apprentice,Young student of magic,"{""power_level"":2,""connection"":""magic""}"
Fantasy,Drawback,Bloodlust,Difficult to stop fighting once combat begins,"{""berserk"":true}"
Fantasy,Drawback,Bounty on Head,Large reward offered for your capture,"{""hunted"":true}"
Fantasy,Drawback,Code of Pacifism,Cannot strike first blow or intentionally kill,"{""restriction"":""violence""}"
Fantasy,Drawback,Cursed Item,Possess an item that brings bad luck,"{""curse"":true}"
Fantasy,Drawback,Fear of Magic,Panic when near spells,"{""fear"":""magic""}"
Fantasy,Drawback,Greed,Compulsive need to acquire treasure,"{""compulsion"":""wealth""}"
Fantasy,Drawback,Infamous,Recognized everywhere as a villain,"{""reputation"":-1}"
Fantasy,Drawback,Magic Addiction,Physical need to channel energy,"{""addiction"":true}"
Fantasy,Drawback,Oathbound,Sworn to a vow that limits freedom,"{""restriction"":""oath""}"
Fantasy,Drawback,Phobia,Irrational terror triggers in specific conditions,"{""fear"":""specific""}"
Fantasy,Drawback,Pipeweed Addiction,Constantly smoking smell gives away position,"{""addiction"":true}"
Fantasy,Drawback,Small Stature,Physically weaker due to size,"{""weakness"":""strength""}"
Fantasy,Drawback,Unlucky,Critical failures happen more often,"{""luck"":-1}"
Fantasy,Drawback,Vengeful,Must prioritize revenge over safety,"{""obsession"":true}"
Fantasy,Drawback,Wanted Heretic,Hunted by religious order,"{""hunted"":true}"
Fantasy,Drawback,Weak Constitution,Prone to sickness recover slowly,"{""weakness"":""health""}"
Fantasy,Item,Bag of Holding,Magical satchel with immense interior space,"{""utility"":""inventory""}"
Fantasy,Item,Cloak of Elvenkind,Grants enhanced stealth in natural settings,"{""stealth"":1}"
Fantasy,Item,Gem of Seeing,Reveals invisible creatures and illusions,"{""perception"":""magic""}"
Fantasy,Item,Heirloom Longbow,Masterwork bow with exceptional range,"{""damage"":2,""range"":""long""}"
Fantasy,Item,Longboat,Viking-style vessel for travel,"{""vehicle"":""boat""}"
Fantasy,Item,Magic Sword,Enchanted blade that never dulls,"{""damage"":2,""magical"":true}"
Fantasy,Item,Musical Instrument,Lute or harp for channeling magic,"{""utility"":""bard""}"
Fantasy,Item,Potion of Healing,Elixir that restores vitality,"{""heal"":2,""consumable"":true}"
Fantasy,Item,Ring of Invisibility,Renders wearer unseen when activated,"{""stealth"":3}"
Fantasy,Item,Rope & Grapple,Essential climbing gear,"{""utility"":""climb""}"
Fantasy,Item,Shirt of Elven Chain,Lightweight armor providing protection,"{""armor"":2,""tag"":""light""}"
Fantasy,Item,Spellbook,Tome containing magical formulas,"{""utility"":""magic""}"
Fantasy,Item,Staff,Simple wooden focus,"{""damage"":1,""type"":""focus""}"
Fantasy,Item,Thieves Tools,Lockpicks and equipment for security,"{""utility"":""lockpick""}"
Fantasy,Item,Tower Shield,Massive protective barrier,"{""armor"":2,""tag"":""heavy""}"
Fantasy,Item,Wagon,Sturdy cart for transporting goods,"{""vehicle"":""cart""}"
Fantasy,Item,Wand of Detection,Reveals hidden doors and traps,"{""utility"":""detect""}"
Fantasy,Skill,Alchemy,Mix potions and poisons,"{""skill"":""craft""}"
Fantasy,Skill,Arcane Spellcasting,Cast wizard spells,"{""skill"":""magic""}"
Fantasy,Skill,Archery,Proficiency with bows,"{""skill"":""combat""}"
Fantasy,Skill,Beast Taming,Train and control animals,"{""skill"":""nature""}"
Fantasy,Skill,Blacksmithing,Forge weapons and armor,"{""skill"":""craft""}"
Fantasy,Skill,Climbing,Scale walls and cliffs,"{""skill"":""athletics""}"
Fantasy,Skill,Folklore,Knowledge of legends and myths,"{""skill"":""knowledge""}"
Fantasy,Skill,History/Lore,Knowledge of past events and legends,"{""skill"":""knowledge""}"
Fantasy,Skill,Intimidation,Use presence to control situations,"{""skill"":""social""}"
Fantasy,Skill,Performance,Entertain crowds or use art for magic,"{""skill"":""art""}"
Fantasy,Skill,Persuasion,Influence others through speech,"{""skill"":""social""}"
Fantasy,Skill,Riding,Skilled horsemanship,"{""skill"":""nature""}"
Fantasy,Skill,Stealth,Move silently and remain hidden,"{""skill"":""stealth""}"
Fantasy,Skill,Survival,Find food and shelter in wilderness,"{""skill"":""survival""}"
Fantasy,Skill,Sword Fighting,Mastery of blade combat,"{""skill"":""combat""}"
Fantasy,Skill,Tracking,Follow trails and hunt prey,"{""skill"":""nature""}"
Fantasy,Skill,Trap Disarming,Detect and disable traps,"{""skill"":""tech""}"
Fantasy,Trait,Agility,Quick reflexes and balance,"{""trait"":true}"
Fantasy,Trait,Battle-Scarred,Experienced in countless fights,"{""trait"":true}"
Fantasy,Trait,Brave,Face danger without hesitation,"{""trait"":true}"
Fantasy,Trait,Charismatic,Natural magnetism draws people,"{""trait"":true}"
Fantasy,Trait,Cheerful,Optimistic disposition,"{""trait"":true}"
Fantasy,Trait,Endurance,Stamina to march and fight,"{""trait"":true}"
Fantasy,Trait,Hardy,Resistant to disease and poison,"{""trait"":true}"
Fantasy,Trait,Magically Sensitive,Instinctively feel arcane forces,"{""trait"":true}"
Fantasy,Trait,Mysterious,Secretive nature creates intrigue,"{""trait"":true}"
Fantasy,Trait,Noble-Born,Raised in aristocracy,"{""trait"":true}"
Fantasy,Trait,Perception,Notice details and hidden threats,"{""trait"":true}"
Fantasy,Trait,Resourceful,Improvise solutions,"{""trait"":true}"
Fantasy,Trait,Silver-Tongued,Natural gift for persuasive speech,"{""trait"":true}"
Fantasy,Trait,Strength,Physical might,"{""trait"":true}"
Fantasy,Trait,Stubborn,Refuse to give up,"{""trait"":true}"
Fantasy,Trait,Wise,Deep understanding and insight,"{""trait"":true}"
Fantasy,Trait,Wit,Quick thinking and cleverness,"{""trait"":true}"
Feudal Japan,Ability,Ancestral Guidance,Brief visions or advice from deceased forebears,"{""utility"":""knowledge""}"
Feudal Japan,Ability,Arrow Cut,Reflexes fast enough to deflect a projectile with a blade,"{""defense"":""projectile""}"
Feudal Japan,Ability,Blind Fighting,Fight effectively using hearing and air currents alone,"{""perception"":""blind""}"
Feudal Japan,Ability,Elemental Blade,Channel fire ice or lightning through your weapon,"{""damage"":1,""type"":""elemental""}"
Feudal Japan,Ability,Feign Death,Lower heart rate to undetectable levels,"{""utility"":""deception""}"
Feudal Japan,Ability,Ki Strike,Channel inner energy to damage opponents internally,"{""damage"":2}"
Feudal Japan,Ability,Kiai Shout,A spirit-infused shout that paralyzes foes with fear,"{""status"":""stun""}"
Feudal Japan,Ability,Master Strategist,Instantly analyze a battlefield to find the winning tactic,"{""skill_bonus"":""tactics""}"
Feudal Japan,Ability,Origami Magic,Folded paper creations come to life to serve you,"{""minion"":""construct""}"
Feudal Japan,Ability,Poison Resistance,Built-up immunity to common toxins,"{""resistance"":""poison""}"
Feudal Japan,Ability,Quick Draw (Iaijutsu),Strike with precision the moment blade leaves sheath,"{""initiative"":2}"
Feudal Japan,Ability,Shadow Meld,Supernaturally blend into darkness and shadows,"{""stealth"":2}"
Feudal Japan,Ability,Spirit Ward,Chant sutras to repel evil spirits,"{""defense"":""spirit""}"
Feudal Japan,Ability,Vanishing Step,Move so quietly you seem to disappear,"{""stealth"":3}"
Feudal Japan,Ability,Water Walking,Lightness of foot allows running across water,"{""movement"":""water""}"
Feudal Japan,Ability,Zen Focus,Ignore distractions and pain to achieve task,"{""resistance"":""pain""}"
Feudal Japan,Character,Buddhist Monk,A wandering ascetic seeking enlightenment,"{""power_level"":2,""connection"":""religious""}"
Feudal Japan,Character,Daimyo,Powerful ruler of the province,"{""power_level"":4,""connection"":""noble""}"
Feudal Japan,Character,Geisha (Spy),Entertainer who hears everyone's secrets,"{""power_level"":2,""connection"":""spy""}"
Feudal Japan,Character,Kabuki Actor,Performer capable of changing faces,"{""power_level"":2,""connection"":""art""}"
Feudal Japan,Character,Ninja Master,Shadow warrior leading a clan of assassins,"{""power_level"":5,""connection"":""ninja""}"
Feudal Japan,Character,Onmyoji (Mystic),Court wizard skilled in divination,"{""power_level"":3,""connection"":""magic""}"
Feudal Japan,Character,Peasant Farmer,Backbone of the province knows the land,"{""power_level"":1,""connection"":""local""}"
Feudal Japan,Character,Ronin,Masterless samurai wandering in search of purpose,"{""power_level"":3,""connection"":""warrior""}"
Feudal Japan,Character,Samurai,Loyal warrior bound by code,"{""power_level"":3,""connection"":""noble""}"
Feudal Japan,Character,Shinto Priest,Keeper of the shrine attuned to spirits,"{""power_level"":2,""connection"":""religious""}"
Feudal Japan,Character,Shonin Merchant,Wealthy trader low in status high in influence,"{""power_level"":2,""connection"":""trade""}"
Feudal Japan,Character,Sumo Wrestler,Mountain of a man with immovable stability,"{""power_level"":3,""connection"":""warrior""}"
Feudal Japan,Character,Swordsmith,Revered craftsman whose blades have souls,"{""power_level"":3,""connection"":""craft""}"
Feudal Japan,Character,Tea Master,Figure of immense peace and neutrality,"{""power_level"":2,""connection"":""social""}"
Feudal Japan,Character,Wokou Pirate,Raider from the sea,"{""power_level"":2,""hostile"":true}"
Feudal Japan,Character,Yakuza Boss,Leader of organized crime syndicate,"{""power_level"":4,""connection"":""criminal""}"
Feudal Japan,Drawback,Cursed Lineage,Family name brings bad luck,"{""curse"":true}"
Feudal Japan,Drawback,Disgraced,Stripped of rank and title,"{""reputation"":-1}"
Feudal Japan,Drawback,Distrusted Outsider,Foreigner treated with suspicion,"{""reputation"":-1}"
Feudal Japan,Drawback,Enemy Clan Vendetta,Rival family will kill you on sight,"{""hunted"":true}"
Feudal Japan,Drawback,Gambling Addiction,Cannot resist wagering,"{""addiction"":true}"
Feudal Japan,Drawback,Giri,Bound by duty conflicting obligations,"{""restriction"":""duty""}"
Feudal Japan,Drawback,Haunted by Yokai,A specific spirit torments you,"{""curse"":true}"
Feudal Japan,Drawback,Honorless,Known as oath-breaker,"{""reputation"":-1}"
Feudal Japan,Drawback,Illiterate,Cannot read decrees or scrolls,"{""skill_penalty"":""literacy""}"
Feudal Japan,Drawback,Masterless,Lacking a lord's protection,"{""status"":""ronin""}"
Feudal Japan,Drawback,Rice Wine Vice,Function poorly without a drink,"{""addiction"":true}"
Feudal Japan,Drawback,Rigid Code of Honor,Cannot use stealth or lies,"{""restriction"":""code""}"
Feudal Japan,Drawback,Shameful Secret,Past deed could require Seppuku,"{""secret"":true}"
Feudal Japan,Drawback,Soft Hearted,Cannot bring yourself to kill,"{""restriction"":""violence""}"
Feudal Japan,Drawback,Superstitious,Will not act if omens are bad,"{""fear"":""superstition""}"
Feudal Japan,Drawback,Wanted,Bounty for your capture,"{""hunted"":true}"
Feudal Japan,Item,Caltrops,Spikes scattered to injure pursuers,"{""damage"":1,""area"":true}"
Feudal Japan,Item,Grappling Hook,Iron hook for scaling walls,"{""utility"":""climb""}"
Feudal Japan,Item,Katana,The soul of the samurai,"{""damage"":2,""tag"":""precision""}"
Feudal Japan,Item,Kimono,Traditional silk robe,"{""utility"":""social""}"
Feudal Japan,Item,Medicinal Salve,Herbal paste stops bleeding,"{""heal"":1}"
Feudal Japan,Item,Ninja Climbing Claws,Hand spikes for walls or combat,"{""utility"":""climb""}"
Feudal Japan,Item,Paper Lantern,Provides light,"{""utility"":""light""}"
Feudal Japan,Item,Prayer Beads,Spiritual focus,"{""utility"":""magic""}"
Feudal Japan,Item,Sake Set,Ceramic bottle and cups,"{""utility"":""social""}"
Feudal Japan,Item,Samurai Armor,Lacquered plates providing defense,"{""armor"":2}"
Feudal Japan,Item,Shuriken,Throwing stars,"{""damage"":1,""range"":""short""}"
Feudal Japan,Item,Smoke Bomb,Creates obscuring cloud,"{""utility"":""stealth""}"
Feudal Japan,Item,Straw Hat & Cloak,Disguise protecting from elements,"{""utility"":""stealth""}"
Feudal Japan,Item,Tanto,Short blade for close quarters,"{""damage"":1}"
Feudal Japan,Item,War Fan (Tessen),Iron fan to signal or deflect,"{""defense"":1}"
Feudal Japan,Item,Yumi Bow,Asymmetric longbow,"{""damage"":2,""range"":""long""}"
Feudal Japan,Skill,Diplomacy,Negotiate agreements,"{""skill"":""social""}"
Feudal Japan,Skill,Disguise,Alter appearance,"{""skill"":""deception""}"
Feudal Japan,Skill,Etiquette,Navigate social hierarchies,"{""skill"":""social""}"
Feudal Japan,Skill,Herbal Medicine,Traditional healing,"{""skill"":""medicine""}"
Feudal Japan,Skill,Horse Riding,Mounted combat and travel,"{""skill"":""nature""}"
Feudal Japan,Skill,Jujutsu,Close combat using holds,"{""skill"":""combat""}"
Feudal Japan,Skill,Kenjutsu,Japanese swordsmanship,"{""skill"":""combat""}"
Feudal Japan,Skill,Kyujutsu,Traditional bowmanship,"{""skill"":""combat""}"
Feudal Japan,Skill,Meditation,Mental discipline,"{""skill"":""focus""}"
Feudal Japan,Skill,Ninjutsu,Art of shadow warriors,"{""skill"":""stealth""}"
Feudal Japan,Skill,Origami,Paper folding art,"{""skill"":""art""}"
Feudal Japan,Skill,Poetry & Calligraphy,Artistic skills,"{""skill"":""art""}"
Feudal Japan,Skill,Poison Craft,Knowledge of toxins,"{""skill"":""craft""}"
Feudal Japan,Skill,Strategy,Tactical thinking,"{""skill"":""tactics""}"
Feudal Japan,Skill,Tea Ceremony,Ritualized preparation,"{""skill"":""art""}"
Feudal Japan,Skill,Tracking,Follow trails,"{""skill"":""nature""}"
Feudal Japan,Trait,Agility,Quick movement and reflexes,"{""trait"":true}"
Feudal Japan,Trait,Composed,Maintain calm under pressure,"{""trait"":true}"
Feudal Japan,Trait,Deceptive,Ability to mislead,"{""trait"":true}"
Feudal Japan,Trait,Disciplined,Self-control,"{""trait"":true}"
Feudal Japan,Trait,Eagle Eyed,Exceptional vision,"{""trait"":true}"
Feudal Japan,Trait,Graceful,Elegant movement,"{""trait"":true}"
Feudal Japan,Trait,Honor,Personal code,"{""trait"":true}"
Feudal Japan,Trait,Intuitive,Read situations instinctively,"{""trait"":true}"
Feudal Japan,Trait,Precise,Attention to detail,"{""trait"":true}"
Feudal Japan,Trait,Serene,Inner peace,"{""trait"":true}"
Feudal Japan,Trait,Spiritual,Connection to beliefs,"{""trait"":true}"
Feudal Japan,Trait,Stoic,Show no emotion,"{""trait"":true}"
Feudal Japan,Trait,Strength,Physical power,"{""trait"":true}"
Feudal Japan,Trait,Toughness,Endurance,"{""trait"":true}"
Feudal Japan,Trait,Traditional,Adhere to customs,"{""trait"":true}"
Feudal Japan,Trait,Vengeful,Remember slights,"{""trait"":true}"
Horror,Ability,Adrenaline Surge,Brief inhuman strength when death is imminent,"{""buff"":""strength""}"
Horror,Ability,Banishment,Force supernatural entities to retreat,"{""effect"":""banish""}"
Horror,Ability,Blood Sense,Detect injured creatures nearby,"{""perception"":""blood""}"
Horror,Ability,Corpse Speech,Ask questions of recent corpses,"{""utility"":""magic""}"
Horror,Ability,Death Defiance,Survive fatal injury once per night,"{""revive"":true}"
Horror,Ability,Fearless,Terror no longer affects you,"{""resistance"":""fear""}"
Horror,Ability,Final Girl Luck,Survive improbable doom,"{""luck"":2}"
Horror,Ability,Ghost Sight,See the departed clearly,"{""perception"":""spirit""}"
Horror,Ability,Immune to Charm,Cannot be possessed or controlled,"{""resistance"":""charm""}"
Horror,Ability,Occult Rituals,Knowledge of wards and circles,"{""skill_bonus"":""occult""}"
Horror,Ability,Pain Tolerance,Ignore injury penalties,"{""resistance"":""pain""}"
Horror,Ability,Premonition,Visions of impending death,"{""perception"":""future""}"
Horror,Ability,Psychic Scream,Release mental anguish to stun,"{""status"":""stun""}"
Horror,Ability,Sacrifice Ward,Protect others by taking harm,"{""defense"":""ally""}"
Horror,Ability,Séance Medium,Channel the dead,"{""utility"":""magic""}"
Horror,Ability,Unholy Strength,Tap into dark force for strength,"{""buff"":""strength""}"
Horror,Character,Ancient Vampire,Centuries-old aristocrat feeder,"{""power_level"":5,""hostile"":true}"
Horror,Character,Cursed Doll,Toy that moves when unseen,"{""power_level"":2,""hostile"":true}"
Horror,Character,Dark Doppelganger,Twisted copy of a protagonist,"{""power_level"":4,""hostile"":true}"
Horror,Character,Eldritch Horror,Cosmic entity driving onlookers insane,"{""power_level"":5,""hostile"":true}"
Horror,Character,Gas Station Attendant,Old timer warning travelers,"{""power_level"":1,""connection"":""local""}"
Horror,Character,Headless Horseman,Spectral rider seeking head,"{""power_level"":4,""hostile"":true}"
Horror,Character,Mad Scientist,Genius obsessed with reanimation,"{""power_level"":3,""connection"":""science""}"
Horror,Character,Masked Slasher,Silent killer stalking victims,"{""power_level"":4,""hostile"":true}"
Horror,Character,Patient Zero,First host of necrotic plague,"{""power_level"":3,""hostile"":true}"
Horror,Character,Poltergeist,Invisible force throwing objects,"{""power_level"":2,""hostile"":true}"
Horror,Character,Possessed Pet,Beloved animal with glowing eyes,"{""power_level"":1,""hostile"":true}"
Horror,Character,Swamp Creature,Amphibious humanoid,"{""power_level"":3,""hostile"":true}"
Horror,Character,The Exorcist,Priest carrying burden,"{""power_level"":3,""connection"":""religious""}"
Horror,Character,The Final Girl,Traumatized survivor who fights back,"{""power_level"":3,""connection"":""survivor""}"
Horror,Character,The Hitchhiker,Vanishes from cars,"{""power_level"":2,""connection"":""spirit""}"
Horror,Character,The Wolfman,Cursed soul transforming under moon,"{""power_level"":4,""hostile"":true}"
Horror,Drawback,Addiction,Dependent on medication to function,"{""addiction"":true}"
Horror,Drawback,Bleeding Stigmata,Wounds appear during supernatural events,"{""curse"":true}"
Horror,Drawback,Clumsy,Coordination fails at critical moments,"{""dexterity_penalty"":true}"
Horror,Drawback,Cursed Bloodline,Family hunted by ancient evil,"{""curse"":true}"
Horror,Drawback,Frozen in Fear,Terror paralyzes you,"{""stun_risk"":true}"
Horror,Drawback,Guilt-Ridden,Death of another weighs on you,"{""morale"":-1}"
Horror,Drawback,Haunted,Spirits interfere with your focus,"{""mechanic"":""roll_complication_on_1_or_2""}"
Horror,Drawback,Haunted Past,PTSD from previous encounters,"{""sanity_loss"":true}"
Horror,Drawback,Isolated,Nobody believes your warnings,"{""social_penalty"":true}"
Horror,Drawback,Marked by Death,Entities notice you immediately,"{""aggro"":true}"
Horror,Drawback,Night Terrors,Sleep brings vivid nightmares,"{""fatigue"":true}"
Horror,Drawback,Obsessed,Investigation consumes life,"{""obsession"":true}"
Horror,Drawback,Panic Attack,Stress triggers loss of rationality,"{""sanity_loss"":true}"
Horror,Drawback,Paranoia,Cannot trust anyone,"{""sanity_loss"":true}"
Horror,Drawback,Screams Loudly,Alert threats when frightened,"{""stealth_penalty"":true}"
Horror,Drawback,Sees Dead People,Constant visions of spirits,"{""sanity_loss"":true}"
Horror,Drawback,Weak Heart,Terror could cause fatal episode,"{""weakness"":""fear""}"
Horror,Item,Ancestor's Journal,Diary containing warnings and rituals,"{""utility"":""knowledge""}"
Horror,Item,Ancient Tome,Book of forbidden knowledge,"{""utility"":""magic""}"
Horror,Item,Audio Recorder,Captures electronic voice phenomena,"{""utility"":""detect""}"
Horror,Item,Blessed Blade,Consecrated knife for defense,"{""damage"":1,""holy"":true}"
Horror,Item,Crucifix,Blessed silver cross ward,"{""defense"":""spirit""}"
Horror,Item,Dad's Shotgun,Reliable double-barrel,"{""damage"":3,""ammo"":2}"
Horror,Item,EMF Detector,Senses paranormal activity,"{""utility"":""detect""}"
Horror,Item,Flickering Flashlight,Unreliable light source,"{""utility"":""light""}"
Horror,Item,Holy Water,Burns unholy flesh,"{""damage"":2,""consumable"":true}"
Horror,Item,Iron Chains,Cold forged metal binds spirits,"{""utility"":""bind""}"
Horror,Item,Ouija Board,Gateway to communicate,"{""utility"":""magic""}"
Horror,Item,Polaroid Camera,Captures the invisible,"{""utility"":""detect""}"
Horror,Item,Protective Talisman,Weakens supernatural attacks,"{""defense"":1}"
Horror,Item,Rusty Chainsaw,Loud terrifying weapon,"{""damage"":3}"
Horror,Item,Salt Circle Kit,Creates protective barriers,"{""defense"":""barrier""}"
Horror,Item,Silver Bullets,Ammo effective against monsters,"{""damage"":2,""silver"":true}"
Horror,Skill,Exorcism,Drive out entities,"{""skill"":""occult""}"
Horror,Skill,Firearms,Proficiency with guns,"{""skill"":""combat""}"
Horror,Skill,First Aid,Treat wounds,"{""skill"":""medicine""}"
Horror,Skill,Hiding,Concealment,"{""skill"":""stealth""}"
Horror,Skill,Interrogation,Extract truth,"{""skill"":""social""}"
Horror,Skill,Investigation,Piece together mysteries,"{""skill"":""investigation""}"
Horror,Skill,Lock Picking,Open doors,"{""skill"":""tech""}"
Horror,Skill,Medicine,Treat injuries,"{""skill"":""medicine""}"
Horror,Skill,Occult Knowledge,Understanding of dark rituals,"{""skill"":""occult""}"
Horror,Skill,Perception,Notice wrongness,"{""skill"":""investigation""}"
Horror,Skill,Photography,Document evidence,"{""skill"":""art""}"
Horror,Skill,Psychology,Understand madness,"{""skill"":""science""}"
Horror,Skill,Research,Finding information,"{""skill"":""investigation""}"
Horror,Skill,Ritual Performance,Conduct ceremonies,"{""skill"":""occult""}"
Horror,Skill,Sprinting,Run faster from terror,"{""skill"":""athletics""}"
Horror,Skill,Survival Instinct,Recognize when to flee,"{""skill"":""survival""}"
Horror,Trait,Analytical,Logic over emotion,"{""trait"":true}"
Horror,Trait,Brave,Face fear,"{""trait"":true}"
Horror,Trait,Brawn,Sturdy and strong,"{""trait"":true}"
Horror,Trait,Cynical,Expect the worst,"{""trait"":true}"
Horror,Trait,Determined,Refuse to give up,"{""trait"":true}"
Horror,Trait,Empathetic,Feel others pain,"{""trait"":true}"
Horror,Trait,Faithful,Deep belief,"{""trait"":true}"
Horror,Trait,Fast,Fleet of foot,"{""trait"":true}"
Horror,Trait,Haunted,Supernatural follows you,"{""trait"":true}"
Horror,Trait,Intuitive,Gut feelings,"{""trait"":true}"
Horror,Trait,Perceptive,Notice details,"{""trait"":true}"
Horror,Trait,Pure,No darkness in heart,"{""trait"":true}"
Horror,Trait,Rational,Seek logical explanations,"{""trait"":true}"
Horror,Trait,Resilient,Bounce back,"{""trait"":true}"
Horror,Trait,Skeptical,Question evidence,"{""trait"":true}"
Horror,Trait,Superstitious,Believe in omens,"{""trait"":true}"
Medieval Europe,Ability,Battle Hardened,Numbed to horror fight effectively,"{""resistance"":""fear""}"
Medieval Europe,Ability,Blessing of the Church,Minor protection,"{""buff"":""defense""}"
Medieval Europe,Ability,Divine Favor,God's hand protects you,"{""luck"":1}"
Medieval Europe,Ability,Divine Right,Claim authority,"{""social"":""authority""}"
Medieval Europe,Ability,Fearsome Reputation,Enemies hesitate,"{""social"":""intimidate""}"
Medieval Europe,Ability,Heraldic Knowledge,Recognize noble houses,"{""skill_bonus"":""history""}"
Medieval Europe,Ability,Iron Constitution,Resistant to disease,"{""resistance"":""disease""}"
Medieval Europe,Ability,Last Stand,Fight beyond endurance,"{""buff"":""desperation""}"
Medieval Europe,Ability,Mounted Combat,Devastating charge,"{""combat"":""mounted""}"
Medieval Europe,Ability,Noble Bearing,Presence commands respect,"{""social"":""authority""}"
Medieval Europe,Ability,Plague Immunity,Resistance to disease,"{""immunity"":""disease""}"
Medieval Europe,Ability,Rallying Cry,Inspire allies,"{""buff"":""allies""}"
Medieval Europe,Ability,Shield Wall Master,Defensive formation,"{""defense"":""formation""}"
Medieval Europe,Ability,Siege Expertise,Fortification knowledge,"{""skill_bonus"":""siege""}"
Medieval Europe,Ability,Tactical Genius,Read battlefield,"{""skill_bonus"":""tactics""}"
Medieval Europe,Ability,Weapon Master,Mastery of arms,"{""combat"":""all""}"
Medieval Europe,Character,Alchemist,Secretive researcher,"{""power_level"":2,""connection"":""science""}"
Medieval Europe,Character,Court Jester,Fool who speaks truth,"{""power_level"":1,""connection"":""court""}"
Medieval Europe,Character,Court Minstrel,Traveling entertainer,"{""power_level"":1,""connection"":""social""}"
Medieval Europe,Character,Crusader Veteran,Disillusioned warrior,"{""power_level"":3,""connection"":""military""}"
Medieval Europe,Character,Executioner,Royal headsman,"{""power_level"":3,""connection"":""law""}"
Medieval Europe,Character,Hedge Knight,Wandering warrior,"{""power_level"":3,""connection"":""warrior""}"
Medieval Europe,Character,Heretic Hunter,Tracks dissidents,"{""power_level"":3,""connection"":""religious""}"
Medieval Europe,Character,Inquisitor,Hunts witches,"{""power_level"":3,""connection"":""religious""}"
Medieval Europe,Character,Leper,Outcast with disease,"{""power_level"":1,""connection"":""outcast""}"
Medieval Europe,Character,Master Mason,Builder of cathedrals,"{""power_level"":2,""connection"":""craft""}"
Medieval Europe,Character,Noble Lord/Lady,Landed aristocrat,"{""power_level"":2,""connection"":""noble""}"
Medieval Europe,Character,Peasant Revolutionary,Rabble-rouser,"{""power_level"":2,""connection"":""rebel""}"
Medieval Europe,Character,Plague Doctor,Physician in mask,"{""power_level"":2,""connection"":""medical""}"
Medieval Europe,Character,Spice Merchant,Wealthy trader,"{""power_level"":2,""connection"":""trade""}"
Medieval Europe,Character,The Crusader,Faithful warrior,"{""power_level"":3,""connection"":""military""}"
Medieval Europe,Character,Wandering Friar,Mendicant monk,"{""power_level"":1,""connection"":""religious""}"
Medieval Europe,Drawback,Bastard Child,Illegitimate birth,"{""social_penalty"":true}"
Medieval Europe,Drawback,Branded Criminal,Physically marked,"{""reputation"":-1}"
Medieval Europe,Drawback,Debt to Church,Owe money or service,"{""debt"":true}"
Medieval Europe,Drawback,Disfigured,Scarred by violence,"{""social_penalty"":true}"
Medieval Europe,Drawback,Excommunicated,Cast out from Church,"{""social_penalty"":true}"
Medieval Europe,Drawback,Family Feud,Blood vendetta,"{""hunted"":true}"
Medieval Europe,Drawback,Heretic Brand,Marked as deviant,"{""reputation"":-1}"
Medieval Europe,Drawback,Illiterate,Cannot read,"{""skill_penalty"":""literacy""}"
Medieval Europe,Drawback,Leprosy,Dreaded disease,"{""sickness"":""leprosy""}"
Medieval Europe,Drawback,Malnutrition,Weakened body,"{""weakness"":""physical""}"
Medieval Europe,Drawback,Oath to Liege,Bound by duty,"{""restriction"":""oath""}"
Medieval Europe,Drawback,Peasant Born,Low birth,"{""social_penalty"":true}"
Medieval Europe,Drawback,Serfdom,Bound to estate,"{""restriction"":""freedom""}"
Medieval Europe,Drawback,Superstitious,Paralyzed by omens,"{""fear"":""superstition""}"
Medieval Europe,Drawback,Wanted for Poaching,Hunted for hunting,"{""hunted"":true}"
Medieval Europe,Drawback,War Trauma,Haunted by battle,"{""sanity_loss"":true}"
Medieval Europe,Item,Chain Hauberk,Flexible armor,"{""armor"":2}"
Medieval Europe,Item,Coat of Arms,Shield with heraldry,"{""utility"":""social""}"
Medieval Europe,Item,Crusader's Cross,Cloth symbol,"{""utility"":""religious""}"
Medieval Europe,Item,Falcon,Trained hunting bird,"{""utility"":""hunt""}"
Medieval Europe,Item,Heavy Crossbow,Powerful ranged weapon,"{""damage"":3,""reload"":true}"
Medieval Europe,Item,Holy Bible,Illuminated manuscript,"{""value"":""high""}"
Medieval Europe,Item,King's Writ,Official document,"{""utility"":""legal""}"
Medieval Europe,Item,Noble Seal,Wax stamp,"{""utility"":""legal""}"
Medieval Europe,Item,Physician's Kit,Medical tools,"{""utility"":""medical""}"
Medieval Europe,Item,Pilgrim's Staff,Walking stick with blade,"{""damage"":1}"
Medieval Europe,Item,Plate Armor,Full suit of steel,"{""armor"":3}"
Medieval Europe,Item,Religious Relic,Artifact from saint,"{""utility"":""religious""}"
Medieval Europe,Item,Signet Ring,Proof of identity,"{""utility"":""social""}"
Medieval Europe,Item,War Horse,Trained destrier,"{""vehicle"":""horse""}"
Medieval Europe,Item,Wax Tablets,Reusable notes,"{""utility"":""write""}"
Medieval Europe,Item,Zweihänder,Massive two-handed blade,"{""damage"":3}"
Medieval Europe,Skill,Animal Husbandry,Care for livestock,"{""skill"":""nature""}"
Medieval Europe,Skill,Armory,Maintain weapons,"{""skill"":""craft""}"
Medieval Europe,Skill,Barber,Medical practice,"{""skill"":""medicine""}"
Medieval Europe,Skill,Blacksmithing,Forge metal,"{""skill"":""craft""}"
Medieval Europe,Skill,Courtly Manners,Etiquette,"{""skill"":""social""}"
Medieval Europe,Skill,Falconry,Train birds,"{""skill"":""nature""}"
Medieval Europe,Skill,Fortification,Siege engineering,"{""skill"":""engineering""}"
Medieval Europe,Skill,Heraldry,Identify houses,"{""skill"":""knowledge""}"
Medieval Europe,Skill,Hunting,Track game,"{""skill"":""nature""}"
Medieval Europe,Skill,Interrogation,Extract confession,"{""skill"":""social""}"
Medieval Europe,Skill,Intimidation,Use fear,"{""skill"":""social""}"
Medieval Europe,Skill,Jousting,Mounted combat,"{""skill"":""combat""}"
Medieval Europe,Skill,Latin,Language of scholars,"{""skill"":""knowledge""}"
Medieval Europe,Skill,Leechcraft,Apply leeches,"{""skill"":""medicine""}"
Medieval Europe,Skill,Literacy,Read and write,"{""skill"":""knowledge""}"
Medieval Europe,Skill,Theology,Religious knowledge,"{""skill"":""knowledge""}"
Medieval Europe,Trait,Chivalrous,Adhere to code,"{""trait"":true}"
Medieval Europe,Trait,Cunning,Cleverness,"{""trait"":true}"
Medieval Europe,Trait,Devout,Religious conviction,"{""trait"":true}"
Medieval Europe,Trait,Greedy,Hunger for wealth,"{""trait"":true}"
Medieval Europe,Trait,Honorable,Keep word,"{""trait"":true}"
Medieval Europe,Trait,Humble,Accept place,"{""trait"":true}"
Medieval Europe,Trait,Just,Fairness,"{""trait"":true}"
Medieval Europe,Trait,Loyal,Devotion,"{""trait"":true}"
Medieval Europe,Trait,Merciful,Compassion,"{""trait"":true}"
Medieval Europe,Trait,Pious,Religious devotion,"{""trait"":true}"
Medieval Europe,Trait,Pragmatic,Practicality,"{""trait"":true}"
Medieval Europe,Trait,Proud,High opinion,"{""trait"":true}"
Medieval Europe,Trait,Ruthless,No mercy,"{""trait"":true}"
Medieval Europe,Trait,Stoic,Endure pain,"{""trait"":true}"
Medieval Europe,Trait,Wrathful,Quick to anger,"{""trait"":true}"
Medieval Europe,Trait,Zealous,Fanatical,"{""trait"":true}"
Noir Chicago,Origin,Hard-Boiled Detective,Too stubborn to quit.,"{""components"":[""Cynical (Trait)"",""Resilient (Trait)"",""Perceptive (Trait)"",""Investigation (Skill)"",""Handguns (Skill)"",""Brawling (Skill)"",""Revolver (Item)"",""Gut Instinct (Ability)""],""drawbacks"":[""Alcoholism""]}"
Noir Chicago,Ability,Cast Iron Stomach,Consume anything without impact,"{""resistance"":""poison""}"
Noir Chicago,Ability,Combat Reflexes,Honed reaction speed,"{""initiative"":1}"
Noir Chicago,Ability,Connections,Network of contacts,"{""social"":""contacts""}"
Noir Chicago,Ability,Fast Talk,Talk way out of trouble,"{""social"":""persuasion""}"
Noir Chicago,Ability,Gut Instinct,Sixth sense for danger,"{""perception"":""danger""}"
Noir Chicago,Ability,Hard Boiled,Emotional detachment,"{""resistance"":""fear""}"
Noir Chicago,Ability,Intimidating Glare,Presence commands fear,"{""social"":""intimidate""}"
Noir Chicago,Ability,Lie Detection,Read tells,"{""social"":""insight""}"
Noir Chicago,Ability,Lucky,Improbable good fortune,"{""luck"":1}"
Noir Chicago,Ability,Network of Informants,Web of contacts,"{""social"":""contacts""}"
Noir Chicago,Ability,Night Owl,Function best after dark,"{""buff"":""night""}"
Noir Chicago,Ability,Pain Tolerance,Push through agony,"{""resistance"":""pain""}"
Noir Chicago,Ability,Photographic Memory,Remember everything,"{""utility"":""memory""}"
Noir Chicago,Ability,Poker Face,Conceal intentions,"{""social"":""deception""}"
Noir Chicago,Ability,Shadow Tailer,Follow without detection,"{""stealth"":1}"
Noir Chicago,Ability,Survivor's Luck,Narrow escapes,"{""luck"":1}"
Noir Chicago,Character,Beat Cop,Patrols neighborhood,"{""power_level"":2,""connection"":""police""}"
Noir Chicago,Character,Bootlegger,Transports alcohol,"{""power_level"":2,""connection"":""criminal""}"
Noir Chicago,Character,Boxer,Prize fighter,"{""power_level"":3,""connection"":""sport""}"
Noir Chicago,Character,Corrupt Politician,Takes bribes,"{""power_level"":2,""connection"":""political""}"
Noir Chicago,Character,Dirty Doctor,Patches up criminals,"{""power_level"":2,""connection"":""medical""}"
Noir Chicago,Character,Femme Fatale,Dangerous lure,"{""power_level"":2,""connection"":""social""}"
Noir Chicago,Character,Fence,Buys stolen goods,"{""power_level"":2,""connection"":""criminal""}"
Noir Chicago,Character,Investigative Journalist,Chasing headline,"{""power_level"":2,""connection"":""media""}"
Noir Chicago,Character,Jazz Singer,Club voice,"{""power_level"":1,""connection"":""art""}"
Noir Chicago,Character,Mob Enforcer,Breaks legs,"{""power_level"":3,""connection"":""criminal""}"
Noir Chicago,Character,Nightclub Owner,Maintains neutral ground,"{""power_level"":2,""connection"":""social""}"
Noir Chicago,Character,Private Eye,Cynical investigator,"{""power_level"":3,""connection"":""law""}"
Noir Chicago,Character,Taxi Driver,Sees everything,"{""power_level"":1,""connection"":""transport""}"
Noir Chicago,Character,The Grifter,Con artist,"{""power_level"":2,""connection"":""criminal""}"
Noir Chicago,Character,The Snitch,Sells info,"{""power_level"":1,""connection"":""informant""}"
Noir Chicago,Character,Union Boss,Controls workers,"{""power_level"":3,""connection"":""labor""}"
Noir Chicago,Drawback,Blacklisted,No official employment,"{""poverty"":true}"
Noir Chicago,Drawback,Chain Smoker,Short breath,"{""stamina_penalty"":true}"
Noir Chicago,Drawback,Gambling Debt,Owe money to mob,"{""debt"":true}"
Noir Chicago,Drawback,Glass Jaw,Easily knocked out,"{""weakness"":""knockout""}"
Noir Chicago,Drawback,Heavy Drinker,Shakes without drink,"{""addiction"":true}"
Noir Chicago,Drawback,Insomnia,Hallucinating from exhaustion,"{""fatigue"":true}"
Noir Chicago,Drawback,Known Squealer,Pariah and target,"{""reputation"":-1}"
Noir Chicago,Drawback,Loudmouth,Spills secrets,"{""social_penalty"":true}"
Noir Chicago,Drawback,Nosy,Compulsion to investigate,"{""obsession"":true}"
Noir Chicago,Drawback,Old War Wound,Injury acts up,"{""physical_penalty"":true}"
Noir Chicago,Drawback,Recognizable,Face well known,"{""stealth_penalty"":true}"
Noir Chicago,Drawback,Sentimental,Attached to keepsake,"{""weakness"":""emotional""}"
Noir Chicago,Drawback,Short Fuse,Violent outbursts,"{""berserk"":true}"
Noir Chicago,Drawback,Soft Spot,Cannot refuse request,"{""weakness"":""emotional""}"
Noir Chicago,Drawback,Untrusting,Refuse help,"{""social_penalty"":true}"
Noir Chicago,Drawback,Wanted by the Mob,Contract on life,"{""hunted"":true}"
Noir Chicago,Item,Black Book,Directory of contacts,"{""utility"":""social""}"
Noir Chicago,Item,Blackmail Photos,Compromising images,"{""utility"":""leverage""}"
Noir Chicago,Item,Brass Knuckles,Metal hand weapon,"{""damage"":1}"
Noir Chicago,Item,Cipher Book,Code book,"{""utility"":""code""}"
Noir Chicago,Item,Fedora & Trenchcoat,Detective attire,"{""utility"":""disguise""}"
Noir Chicago,Item,Flask of Whiskey,Pocket alcohol,"{""utility"":""social""}"
Noir Chicago,Item,Getaway Car,Fast sedan,"{""vehicle"":""car""}"
Noir Chicago,Item,Hidden Shoulder Holster,Concealed harness,"{""utility"":""conceal""}"
Noir Chicago,Item,Lockpick Set,Breaking tools,"{""utility"":""lockpick""}"
Noir Chicago,Item,Lucky Coin,Decision flipper,"{""utility"":""luck""}"
Noir Chicago,Item,Police Badge,Access credential,"{""utility"":""authority""}"
Noir Chicago,Item,Press Badge,Journalist credential,"{""utility"":""access""}"
Noir Chicago,Item,Snub-nose Revolver,Compact .38,"{""damage"":2,""concealed"":true}"
Noir Chicago,Item,Switchblade,Folding knife,"{""damage"":1,""concealed"":true}"
Noir Chicago,Item,Tommy Gun,Submachine gun,"{""damage"":3,""area"":true}"
Noir Chicago,Item,Wiretap Equipment,Surveillance gear,"{""utility"":""spy""}"
Noir Chicago,Skill,Brawling,Street fighting,"{""skill"":""combat""}"
Noir Chicago,Skill,Driving,Vehicle operation,"{""skill"":""pilot""}"
Noir Chicago,Skill,Fast Talking,Persuasive speech,"{""skill"":""social""}"
Noir Chicago,Skill,Firearms,Gun proficiency,"{""skill"":""combat""}"
Noir Chicago,Skill,Forgery,Fake documents,"{""skill"":""deception""}"
Noir Chicago,Skill,Gambling,Cards and dice,"{""skill"":""game""}"
Noir Chicago,Skill,Hand-to-Hand,Fist fighting,"{""skill"":""combat""}"
Noir Chicago,Skill,Interrogation,Extract info,"{""skill"":""social""}"
Noir Chicago,Skill,Lock Picking,Bypass security,"{""skill"":""tech""}"
Noir Chicago,Skill,Photography,Capture evidence,"{""skill"":""art""}"
Noir Chicago,Skill,Reading People,Assess character,"{""skill"":""insight""}"
Noir Chicago,Skill,Safecracking,Open safes,"{""skill"":""tech""}"
Noir Chicago,Skill,Shadowing,Follow suspects,"{""skill"":""stealth""}"
Noir Chicago,Skill,Streetwise,Underworld knowledge,"{""skill"":""social""}"
Noir Chicago,Skill,Tailing,Track subjects,"{""skill"":""stealth""}"
Noir Chicago,Skill,Urban Navigation,Shortcuts,"{""skill"":""knowledge""}"
Noir Chicago,Trait,Calculating,Strategic thinking,"{""trait"":true}"
Noir Chicago,Trait,Connected,Extensive contacts,"{""trait"":true}"
Noir Chicago,Trait,Cynical,Expect betrayal,"{""trait"":true}"
Noir Chicago,Trait,Determined,Refuse to quit,"{""trait"":true}"
Noir Chicago,Trait,Gritty,Tough survivor,"{""trait"":true}"
Noir Chicago,Trait,Haunted,Past traumas,"{""trait"":true}"
Noir Chicago,Trait,Intimidating,Command respect,"{""trait"":true}"
Noir Chicago,Trait,Jaded,Nothing surprises,"{""trait"":true}"
Noir Chicago,Trait,Loyal,Stand by word,"{""trait"":true}"
Noir Chicago,Trait,Observant,Notice details,"{""trait"":true}"
Noir Chicago,Trait,Principled,Personal code,"{""trait"":true}"
Noir Chicago,Trait,Resourceful,Improvise solutions,"{""trait"":true}"
Noir Chicago,Trait,Sharp,Quick-witted,"{""trait"":true}"
Noir Chicago,Trait,Smooth,Charming,"{""trait"":true}"
Noir Chicago,Trait,Street Smart,Underworld instinct,"{""trait"":true}"
Noir Chicago,Trait,Weary,Exhausted but pushing,"{""trait"":true}"
Primeval Forest,Ability,Beast Speak,Communicate with animals,"{""social"":""animal""}"
Primeval Forest,Ability,Camouflage,Blend into natural surroundings,"{""stealth"":2}"
Primeval Forest,Ability,Feral Rage,Berserk combat state,"{""buff"":""damage""}"
Primeval Forest,Ability,Heightened Smell,Track by scent,"{""perception"":""scent""}"
Primeval Forest,Ability,Nature's Healing,Accelerated recovery in forest,"{""heal"":2}"
Primeval Forest,Ability,Night Vision,See in darkness,"{""perception"":""dark""}"
Primeval Forest,Ability,Pack Bond,Command wild animals,"{""minion"":""animal""}"
Primeval Forest,Ability,Pathfinder,Supernatural direction sense,"{""skill_bonus"":""survival""}"
Primeval Forest,Ability,Plant Growth,Accelerate vegetation,"{""utility"":""nature""}"
Primeval Forest,Ability,Primal Rage,Savage fury,"{""buff"":""strength""}"
Primeval Forest,Ability,Savage Strength,Enhanced power in wilderness,"{""buff"":""strength""}"
Primeval Forest,Ability,Spirit Guide,Animal spirit guidance,"{""utility"":""knowledge""}"
Primeval Forest,Ability,Tree Walking,Move through canopy,"{""movement"":""climb""}"
Primeval Forest,Ability,Venom Immunity,Resistance to poisons,"{""resistance"":""poison""}"
Primeval Forest,Ability,Weather Sense,Predict storms,"{""perception"":""weather""}"
Primeval Forest,Ability,Wildshape,Take on animal characteristics,"{""transform"":true}"
Primeval Forest,Character,Beast Master,Lives among animals,"{""power_level"":3,""connection"":""nature""}"
Primeval Forest,Character,Beast Shaman,Mystical animal commander,"{""power_level"":3,""connection"":""nature""}"
Primeval Forest,Character,Cave Dweller,Lives in rock formations,"{""power_level"":2,""connection"":""outcast""}"
Primeval Forest,Character,Druid,Nature priest,"{""power_level"":3,""connection"":""religious""}"
Primeval Forest,Character,Exile,Banished from civilization,"{""power_level"":2,""connection"":""outcast""}"
Primeval Forest,Character,Feral Child,Raised by animals,"{""power_level"":2,""connection"":""wild""}"
Primeval Forest,Character,Forest Guardian,Protector of groves,"{""power_level"":4,""connection"":""guardian""}"
Primeval Forest,Character,Gatherer Elder,Knowledge of plants,"{""power_level"":2,""connection"":""tribal""}"
Primeval Forest,Character,Lost Explorer,Stranded civilized person,"{""power_level"":2,""connection"":""civilian""}"
Primeval Forest,Character,Nature Spirit,Manifestation of forest,"{""power_level"":4,""connection"":""spirit""}"
Primeval Forest,Character,Shaman,Spiritual leader,"{""power_level"":3,""connection"":""religious""}"
Primeval Forest,Character,The Hermit,Isolated individual,"{""power_level"":2,""connection"":""outcast""}"
Primeval Forest,Character,Tracker,Expert hunter,"{""power_level"":3,""connection"":""tribal""}"
Primeval Forest,Character,Tribal Hunter,Provider for community,"{""power_level"":2,""connection"":""tribal""}"
Primeval Forest,Character,Wanderer,Eternal nomad,"{""power_level"":2,""connection"":""traveler""}"
Primeval Forest,Character,Wild Child,Raised by animals,"{""power_level"":2,""connection"":""wild""}"
Primeval Forest,Drawback,Cannot Read,Illiterate,"{""skill_penalty"":""literacy""}"
Primeval Forest,Drawback,Cannot Swim,Terrified of deep water,"{""fear"":""water""}"
Primeval Forest,Drawback,Cursed by Nature,Plants die at touch,"{""curse"":true}"
Primeval Forest,Drawback,Distrusts Civilization,Uncomfortable in cities,"{""social_penalty"":true}"
Primeval Forest,Drawback,Fear of Fire,Primal terror of flames,"{""fear"":""fire""}"
Primeval Forest,Drawback,Fear of Inside,Claustrophobia,"{""fear"":""enclosed""}"
Primeval Forest,Drawback,Feral Speech,Limited language,"{""social_penalty"":true}"
Primeval Forest,Drawback,Hunted by Apex Predator,Stalked by creature,"{""hunted"":true}"
Primeval Forest,Drawback,Illiterate,Cannot read,"{""skill_penalty"":""literacy""}"
Primeval Forest,Drawback,Light Sensitivity,Pain in sunlight,"{""weakness"":""light""}"
Primeval Forest,Drawback,Marked by Beast,Scarred and frightening,"{""social_penalty"":true}"
Primeval Forest,Drawback,Savage Nature,Struggle to control instincts,"{""berserk"":true}"
Primeval Forest,Drawback,Sun Stroke,Susceptible to heat,"{""weakness"":""heat""}"
Primeval Forest,Drawback,Susceptible to Cold,No tolerance for low temps,"{""weakness"":""cold""}"
Primeval Forest,Drawback,Territorial Rage,Violent when invaded,"{""berserk"":true}"
Primeval Forest,Drawback,Weather Dependent,Weakened by storms,"{""weakness"":""weather""}"
Primeval Forest,Item,Animal Totem,Carved figurine,"{""utility"":""spiritual""}"
Primeval Forest,Item,Bear Trap,Heavy metal jaws,"{""damage"":2,""trap"":true}"
Primeval Forest,Item,Bone Spear,Weapon from beast,"{""damage"":2}"
Primeval Forest,Item,Ceremonial Paint,Ritual markings,"{""utility"":""ritual""}"
Primeval Forest,Item,Feather Cloak,Slows falls,"{""utility"":""fall""}"
Primeval Forest,Item,Fire Starter Kit,Flint and steel,"{""utility"":""survival""}"
Primeval Forest,Item,Flint Knife,Stone blade,"{""damage"":1}"
Primeval Forest,Item,Hand-Carved Bow,Wooden bow,"{""damage"":2,""range"":""medium""}"
Primeval Forest,Item,Healing Herbs,Medicinal plants,"{""heal"":1}"
Primeval Forest,Item,Hunting Horn,Produces sound,"{""utility"":""signal""}"
Primeval Forest,Item,Poison Arrows,Toxin tipped,"{""damage"":2,""poison"":true}"
Primeval Forest,Item,Spirit Fetish,Bone talisman,"{""utility"":""luck""}"
Primeval Forest,Item,Stone Axe,Multi-purpose tool,"{""damage"":2}"
Primeval Forest,Item,Tribal Mask,Ceremonial covering,"{""utility"":""ritual""}"
Primeval Forest,Item,Water Skin,Liquid container,"{""utility"":""survival""}"
Primeval Forest,Item,Wooden Shield,Bark defense,"{""armor"":1}"
Primeval Forest,Skill,Animal Calls,Mimic sounds,"{""skill"":""nature""}"
Primeval Forest,Skill,Camouflage,Blend in,"{""skill"":""stealth""}"
Primeval Forest,Skill,Celestial Navigation,Find direction,"{""skill"":""survival""}"
Primeval Forest,Skill,Climbing,Scale obstacles,"{""skill"":""athletics""}"
Primeval Forest,Skill,Fire Making,Create flame,"{""skill"":""survival""}"
Primeval Forest,Skill,Foraging,Find food,"{""skill"":""survival""}"
Primeval Forest,Skill,Herbalism,Identify plants,"{""skill"":""medicine""}"
Primeval Forest,Skill,Leatherworking,Tan hides,"{""skill"":""craft""}"
Primeval Forest,Skill,Rope Making,Twist fibers,"{""skill"":""craft""}"
Primeval Forest,Skill,Skinning,Process hides,"{""skill"":""craft""}"
Primeval Forest,Skill,Spearfishing,Catch fish,"{""skill"":""survival""}"
Primeval Forest,Skill,Stone Knapping,Shape tools,"{""skill"":""craft""}"
Primeval Forest,Skill,Swimming,Move in water,"{""skill"":""athletics""}"
Primeval Forest,Skill,Tracking,Follow trails,"{""skill"":""nature""}"
Primeval Forest,Skill,Trap Making,Construct snares,"{""skill"":""survival""}"
Primeval Forest,Skill,Weather Reading,Predict storms,"{""skill"":""survival""}"
Primeval Forest,Trait,Alert,Aware of surroundings,"{""trait"":true}"
Primeval Forest,Trait,Attuned,Connected to nature,"{""trait"":true}"
Primeval Forest,Trait,Cautious,Vigilant,"{""trait"":true}"
Primeval Forest,Trait,Enduring,Withstand hardship,"{""trait"":true}"
Primeval Forest,Trait,Fierce,Savage intensity,"{""trait"":true}"
Primeval Forest,Trait,Independent,Self-sufficient,"{""trait"":true}"
Primeval Forest,Trait,Instinctual,Trust gut,"{""trait"":true}"
Primeval Forest,Trait,Observant,Notice details,"{""trait"":true}"
Primeval Forest,Trait,Patient,Wait motionless,"{""trait"":true}"
Primeval Forest,Trait,Primal,Instinct over reason,"{""trait"":true}"
Primeval Forest,Trait,Primitive,Reject technology,"{""trait"":true}"
Primeval Forest,Trait,Silent,Move soundlessly,"{""trait"":true}"
Primeval Forest,Trait,Stoic,Show no weakness,"{""trait"":true}"
Primeval Forest,Trait,Superstitious,Believe in signs,"{""trait"":true}"
Primeval Forest,Trait,Territorial,Protective of space,"{""trait"":true}"
Primeval Forest,Trait,Wild,Untamed,"{""trait"":true}"
Sci-Fi,Ability,Adaptive Immunity,Rapidly resist alien pathogens,"{""resistance"":""disease""}"
Sci-Fi,Ability,Clone Memory,Access memories from source,"{""utility"":""knowledge""}"
Sci-Fi,Ability,Cryogenic Sleep,Enter suspended animation,"{""utility"":""rest""}"
Sci-Fi,Ability,Cyborg Strength,Mechanical limbs grant power,"{""buff"":""strength""}"
Sci-Fi,Ability,Energy Absorption,Drain power from machines,"{""utility"":""energy""}"
Sci-Fi,Ability,Force Field,Generate energy barrier,"{""shield"":2}"
Sci-Fi,Ability,Gravity Manipulation,Alter local fields,"{""utility"":""flight""}"
Sci-Fi,Ability,Hive Mind Connection,Link to collective,"{""utility"":""comms""}"
Sci-Fi,Ability,Holographic Disguise,Project false appearance,"{""utility"":""disguise""}"
Sci-Fi,Ability,Phase Shift,Become intangible,"{""defense"":""phase""}"
Sci-Fi,Ability,Quantum Entanglement,Communicate instantly,"{""utility"":""comms""}"
Sci-Fi,Ability,Sonic Disruption,Project sound waves,"{""damage"":2,""type"":""sonic""}"
Sci-Fi,Ability,Technopathy,Control technology,"{""utility"":""control""}"
Sci-Fi,Ability,Teleportation,Instant transport,"{""movement"":""teleport""}"
Sci-Fi,Ability,Time Dilation Field,Slow local time,"{""utility"":""time""}"
Sci-Fi,Ability,Universal Translation,Understand any language,"{""utility"":""language""}"
Sci-Fi,Character,AI Rights Activist,Fights for synthetic recognition,"{""power_level"":2,""connection"":""political""}"
Sci-Fi,Character,Alien Refugee,Survivor of destroyed world,"{""power_level"":2,""connection"":""outcast""}"
Sci-Fi,Character,Bounty Hunter,Track targets across galaxy,"{""power_level"":3,""connection"":""mercenary""}"
Sci-Fi,Character,Clone Soldier,Bred for combat,"{""power_level"":3,""connection"":""military""}"
Sci-Fi,Character,Defective Droid,Malfunctioning AI,"{""power_level"":2,""connection"":""tech""}"
Sci-Fi,Character,Fleet Admiral,Command armada,"{""power_level"":4,""connection"":""military""}"
Sci-Fi,Character,Galactic Diplomat,Negotiate between empires,"{""power_level"":2,""connection"":""political""}"
Sci-Fi,Character,Memory Thief,Steal recorded experiences,"{""power_level"":2,""connection"":""criminal""}"
Sci-Fi,Character,Psionic Monk,Warrior-mystic,"{""power_level"":4,""connection"":""religious""}"
Sci-Fi,Character,Quantum Engineer,Manipulate probability,"{""power_level"":2,""connection"":""science""}"
Sci-Fi,Character,Space Smuggler,Charming rogue,"{""power_level"":2,""connection"":""criminal""}"
Sci-Fi,Character,Starship Captain,Command vessel,"{""power_level"":3,""connection"":""military""}"
Sci-Fi,Character,Time Traveler,Displaced from era,"{""power_level"":4,""connection"":""mystery""}"
Sci-Fi,Character,Uplift Project,Enhanced animal,"{""power_level"":3,""connection"":""science""}"
Sci-Fi,Character,Void Cultist,Worships dark matter entities,"{""power_level"":2,""connection"":""cult""}"
Sci-Fi,Character,Xenobiologist,Study alien life,"{""power_level"":2,""connection"":""science""}"
Sci-Fi,Drawback,AI Dependence,Helpless without computer,"{""dependency"":""tech""}"
Sci-Fi,Drawback,Alien Contamination,Infected with organism,"{""sickness"":""alien""}"
Sci-Fi,Drawback,Clone Degradation,Genetic breakdown,"{""weakness"":""physical""}"
Sci-Fi,Drawback,Hive Mind Rejection,Expelled from collective,"{""sanity_loss"":true}"
Sci-Fi,Drawback,Luddite,Refuse technology,"{""restriction"":""tech""}"
Sci-Fi,Drawback,Paradox Sickness,Time travel consequences,"{""sickness"":""time""}"
Sci-Fi,Drawback,Psychic Feedback,Mental powers cause pain,"{""damage_self"":true}"
Sci-Fi,Drawback,Reality Drift,Unstable quantum state,"{""glitch"":true}"
Sci-Fi,Drawback,Silicon Allergy,Reject cybernetics,"{""weakness"":""tech""}"
Sci-Fi,Drawback,Temporal Displacement,Out of phase with time,"{""glitch"":true}"
Sci-Fi,Drawback,Void Touched,Exposure to dark energy,"{""sanity_loss"":true}"
Sci-Fi,Item,Bioscanner,Analyze life signs,"{""utility"":""scan""}"
Sci-Fi,Item,Cloaking Device,Bend light,"{""utility"":""stealth""}"
Sci-Fi,Item,Energy Shield Belt,Wearable barrier,"{""armor"":2}"
Sci-Fi,Item,Gravity Boots,Walk on any surface,"{""movement"":""zero-g""}"
Sci-Fi,Item,Hologram Projector,Create illusions,"{""utility"":""illusion""}"
Sci-Fi,Item,Jetpack,Personal flight,"{""movement"":""flight""}"
Sci-Fi,Item,Laser Pistol,Focused light weapon,"{""damage"":2}"
Sci-Fi,Item,Memory Crystal,Store consciousness,"{""utility"":""data""}"
Sci-Fi,Item,Nano-Med Gel,Healing paste,"{""heal"":3}"
Sci-Fi,Item,Personal Forcefield,Belt-worn shield,"{""armor"":2}"
Sci-Fi,Item,Phase Rifle,Energy weapon that phases through solid matter,"{""damage"":3,""tag"":""piercing""}"
Sci-Fi,Item,Photon Blade,Hardlight weapon,"{""damage"":3}"
Sci-Fi,Item,Plasma Sword,Superheated blade,"{""damage"":3}"
Sci-Fi,Item,Quantum Computer,Calculate possibilities,"{""utility"":""computer""}"
Sci-Fi,Item,Stasis Pod,Suspended animation,"{""utility"":""medical""}"
Sci-Fi,Item,Universal Translator,Interprets language,"{""utility"":""language""}"
Sci-Fi,Item,Wormhole Generator,Temporary portals,"{""movement"":""teleport""}"
Sci-Fi,Skill,Alien Psychology,Comprehend non-human thinking,"{""skill"":""science""}"
Sci-Fi,Skill,Astrogation,Plot courses,"{""skill"":""pilot""}"
Sci-Fi,Skill,Clone Detection,Identify duplicates,"{""skill"":""perception""}"
Sci-Fi,Skill,Cybernetics Repair,Maintain augmentations,"{""skill"":""tech""}"
Sci-Fi,Skill,Energy Weapons,Proficiency,"{""skill"":""combat""}"
Sci-Fi,Skill,Hostile Environment Survival,Endure extremes,"{""skill"":""survival""}"
Sci-Fi,Skill,Quantum Mechanics,Understand probability,"{""skill"":""science""}"
Sci-Fi,Skill,Robotics Engineering,Build artificial beings,"{""skill"":""tech""}"
Sci-Fi,Skill,Starship Piloting,Operate vessels,"{""skill"":""pilot""}"
Sci-Fi,Skill,System Hacking,Breach security,"{""skill"":""tech""}"
Sci-Fi,Skill,Temporal Theory,Understand time travel,"{""skill"":""science""}"
Sci-Fi,Skill,Terraforming,Transform planets,"{""skill"":""science""}"
Sci-Fi,Skill,Void Navigation,Chart courses,"{""skill"":""pilot""}"
Sci-Fi,Skill,Xenobiology,Understand alien life,"{""skill"":""science""}"
Sci-Fi,Skill,Xenolinguistics,Learn alien languages,"{""skill"":""language""}"
Sci-Fi,Skill,Zero-G Combat,Fight in weightlessness,"{""skill"":""combat""}"
Sci-Fi,Trait,Adaptable,Adjust quickly,"{""trait"":true}"
Sci-Fi,Trait,Ambidextrous,Equally skilled with both hands.,"{""mechanic"":""extra_die_dual_wield""}"
Sci-Fi,Trait,Calculating,Weigh probabilities,"{""trait"":true}"
Sci-Fi,Trait,Compassionate,Empathy for all,"{""trait"":true}"
Sci-Fi,Trait,Curious,Desire to explore,"{""trait"":true}"
Sci-Fi,Trait,Enhanced,Genetically superior,"{""trait"":true}"
Sci-Fi,Trait,Explorer,Driven to discover,"{""trait"":true}"
Sci-Fi,Trait,Idealistic,Believe in better,"{""trait"":true}"
Sci-Fi,Trait,Jaded,Seen too much,"{""trait"":true}"
Sci-Fi,Trait,Logical,Rationality,"{""trait"":true}"
Sci-Fi,Trait,Methodical,Systematic,"{""trait"":true}"
Sci-Fi,Trait,Open-Minded,Accept impossible,"{""trait"":true}"
Sci-Fi,Trait,Paranoid,Threat awareness,"{""trait"":true}"
Sci-Fi,Trait,Psionic,Mental abilities,"{""trait"":true}"
Sci-Fi,Trait,Rational,Reject superstition,"{""trait"":true}"
Sci-Fi,Trait,Synthetic,Artificial,"{""trait"":true}"
Sci-Fi,Trait,Visionary,See futures,"{""trait"":true}"
Spy,Ability,Cold Reading,Assess person through observation,"{""social"":""insight""}"
Spy,Ability,Eidetic Memory,Remember everything perfectly,"{""utility"":""memory""}"
Spy,Ability,Enhanced Conditioning,Superior endurance,"{""buff"":""stamina""}"
Spy,Ability,Escape Artist,Get free from restraints,"{""utility"":""escape""}"
Spy,Ability,Improvised Weaponry,Everyday objects become deadly,"{""combat"":""improvised""}"
Spy,Ability,Linguistic Genius,Learn languages rapidly,"{""utility"":""language""}"
Spy,Ability,Lip Reading,Understand distant conversations,"{""perception"":""visual""}"
Spy,Ability,Master of Disguise,Change appearance convincingly,"{""utility"":""disguise""}"
Spy,Ability,Photographic Memory,Instant recall,"{""utility"":""memory""}"
Spy,Ability,Pickpocket Master,Steal without detection,"{""utility"":""theft""}"
Spy,Ability,Poison Immunity,Resistance to toxins,"{""resistance"":""poison""}"
Spy,Ability,Situational Awareness,Track threats,"{""perception"":""danger""}"
Spy,Ability,Sleeper Agent Protocol,Dormant skills activate,"{""buff"":""crisis""}"
Spy,Ability,Social Engineering,Manipulate people,"{""social"":""deception""}"
Spy,Ability,Speed Reading,Absorb documents instantly,"{""utility"":""knowledge""}"
Spy,Ability,Voice Mimicry,Imitate any voice,"{""utility"":""deception""}"
Spy,Character,Arms Dealer,Merchant of death,"{""power_level"":3,""connection"":""black_market""}"
Spy,Character,Communications Officer,Maintains networks,"{""power_level"":2,""connection"":""tech""}"
Spy,Character,Counter-Intelligence,Hunts moles,"{""power_level"":3,""connection"":""agency""}"
Spy,Character,Diplomat,Official cover,"{""power_level"":2,""connection"":""political""}"
Spy,Character,Double Agent,Playing both sides,"{""power_level"":3,""connection"":""traitor""}"
Spy,Character,Extraction Specialist,Gets people out,"{""power_level"":3,""connection"":""ops""}"
Spy,Character,Field Medic,Keeps operatives alive,"{""power_level"":2,""connection"":""medical""}"
Spy,Character,Hacker,Digital infiltration,"{""power_level"":2,""connection"":""tech""}"
Spy,Character,Intelligence Analyst,Pieces info together,"{""power_level"":2,""connection"":""agency""}"
Spy,Character,Retired Assassin,Former killer,"{""power_level"":4,""connection"":""mercenary""}"
Spy,Character,Socialite Informant,Gathers intelligence at parties,"{""power_level"":1,""connection"":""social""}"
Spy,Character,The Handler,Coordinates agents,"{""power_level"":3,""connection"":""agency""}"
Spy,Character,The Recruit,New agent,"{""power_level"":1,""connection"":""rookie""}"
Spy,Character,Undercover Agent,Deep cover,"{""power_level"":3,""connection"":""ops""}"
Spy,Character,Weapons Specialist,Expert in arms,"{""power_level"":3,""connection"":""military""}"
Spy,Character,Wetwork Specialist,Professional assassin,"{""power_level"":4,""connection"":""mercenary""}"
Spy,Drawback,Addiction,Dependent on danger,"{""addiction"":true}"
Spy,Drawback,Agency Disavowed,Denied by organization,"{""hunted"":true}"
Spy,Drawback,Assassin's Mark,Hunted by killer,"{""hunted"":true}"
Spy,Drawback,Asset Turned,Betrayed by trusted,"{""betrayal"":true}"
Spy,Drawback,Blackmail Leverage,Enemy has info,"{""leverage"":true}"
Spy,Drawback,Burn Notice,Hunted by allies,"{""hunted"":true}"
Spy,Drawback,Compromised Identity,Cover blown,"{""exposure"":true}"
Spy,Drawback,Double Crossed,Betrayed,"{""betrayal"":true}"
Spy,Drawback,Enemy of the State,Government target,"{""hunted"":true}"
Spy,Drawback,Flashbacks,PTSD,"{""sanity_loss"":true}"
Spy,Drawback,Memory Gaps,Holes in memory,"{""amnesia"":true}"
Spy,Drawback,Psychologically Profiled,Enemy knows weaknesses,"{""vulnerability"":true}"
Spy,Drawback,Romantic Liability,Love interest exploited,"{""weakness"":""emotional""}"
Spy,Drawback,Tracker Implant,Device broadcasting location,"{""tracking"":true}"
Spy,Drawback,Trigger Word,Activates programming,"{""control"":true}"
Spy,Drawback,Trust Issues,See enemies everywhere,"{""paranoia"":true}"
Spy,Item,Concealed Blade,Hidden weapon,"{""damage"":1,""concealed"":true}"
Spy,Item,Cyanide Pill,Suicide capsule,"{""utility"":""suicide""}"
Spy,Item,Dead Drop Location,Secure message spot,"{""utility"":""comms""}"
Spy,Item,Disguise Kit,Makeup and props,"{""utility"":""disguise""}"
Spy,Item,Encryption Key,Access device,"{""utility"":""access""}"
Spy,Item,Escape Kit,Extraction gear,"{""utility"":""escape""}"
Spy,Item,Exploding Pen,Concealed explosive,"{""damage"":2,""concealed"":true}"
Spy,Item,Forged Passport,Fake identities,"{""utility"":""identity""}"
Spy,Item,Garrotte Wire,Silent strangulation,"{""damage"":3,""silent"":true}"
Spy,Item,Micro-Camera,Miniature photography,"{""utility"":""spy""}"
Spy,Item,Miniature Drone,Surveillance flyer,"{""utility"":""scout""}"
Spy,Item,Poison Ring,Delivery jewelry,"{""damage"":2,""poison"":true}"
Spy,Item,Satellite Phone,Encrypted comms,"{""utility"":""comms""}"
Spy,Item,Silenced Pistol,Quiet elimination,"{""damage"":2,""silent"":true}"
Spy,Item,Truth Serum,Interrogation aid,"{""utility"":""interrogation""}"
Spy,Item,Wiretap Kit,Surveillance gear,"{""utility"":""spy""}"
Spy,Skill,Close Combat,Lethal fighting,"{""skill"":""combat""}"
Spy,Skill,Combat Driving,Evasive maneuvers,"{""skill"":""pilot""}"
Spy,Skill,Computer Hacking,Breach systems,"{""skill"":""tech""}"
Spy,Skill,Cryptography,Code breaking,"{""skill"":""tech""}"
Spy,Skill,Demolitions,Explosives,"{""skill"":""tech""}"
Spy,Skill,Disguise,Alter appearance,"{""skill"":""deception""}"
Spy,Skill,Electronics,Surveillance,"{""skill"":""tech""}"
Spy,Skill,Languages,Multiple tongues,"{""skill"":""language""}"
Spy,Skill,Lock Picking,Defeat security,"{""skill"":""tech""}"
Spy,Skill,Marksmanship,Precision shooting,"{""skill"":""combat""}"
Spy,Skill,Negotiation,Extract info,"{""skill"":""social""}"
Spy,Skill,Parkour,Free-running,"{""skill"":""athletics""}"
Spy,Skill,Piloting,Fly aircraft,"{""skill"":""pilot""}"
Spy,Skill,Seduction,Manipulation,"{""skill"":""social""}"
Spy,Skill,Surveillance,Track targets,"{""skill"":""investigation""}"
Spy,Skill,Tradecraft,Espionage techniques,"{""skill"":""spy""}"
Spy,Trait,Adaptable,Adjust quickly,"{""trait"":true}"
Spy,Trait,Alert,Hypervigilance,"{""trait"":true}"
Spy,Trait,Analytical,Break down situations,"{""trait"":true}"
Spy,Trait,Calculating,Strategic thinking,"{""trait"":true}"
Spy,Trait,Charismatic,Win people over,"{""trait"":true}"
Spy,Trait,Cold,Emotionally detached,"{""trait"":true}"
Spy,Trait,Composed,Maintain cover,"{""trait"":true}"
Spy,Trait,Confident,Project authority,"{""trait"":true}"
Spy,Trait,Coordinated,Graceful,"{""trait"":true}"
Spy,Trait,Deceptive,Lie convincingly,"{""trait"":true}"
Spy,Trait,Lethal,Trained to end threats,"{""trait"":true}"
Spy,Trait,Paranoid,Watch for threats,"{""trait"":true}"
Spy,Trait,Patient,Wait for moment,"{""trait"":true}"
Spy,Trait,Resourceful,Make do,"{""trait"":true}"
Spy,Trait,Ruthless,Eliminate obstacles,"{""trait"":true}"
Spy,Trait,Suspicious,Trust no one,"{""trait"":true}"
Superhero,Ability,Energy Blasts,Project destructive force,"{""damage"":3,""range"":""long""}"
Superhero,Ability,Flight,Soar through sky,"{""movement"":""flight""}"
Superhero,Ability,Force Fields,Generate barriers,"{""shield"":3}"
Superhero,Ability,Healing Factor,Regenerate from injury,"{""heal"":3}"
Superhero,Ability,Ice Manipulation,Control frozen water,"{""control"":""ice""}"
Superhero,Ability,Invisibility,Become unseen,"{""stealth"":3}"
Superhero,Ability,Lightning Control,Summon electricity,"{""damage"":3,""type"":""electric""}"
Superhero,Ability,Phasing,Pass through solid matter,"{""defense"":""phase""}"
Superhero,Ability,Precognition,Glimpses of future,"{""perception"":""future""}"
Superhero,Ability,Regeneration,Heal from any injury,"{""revive"":true}"
Superhero,Ability,Shape-Shifting,Alter physical form,"{""transform"":true}"
Superhero,Ability,Super Speed,Move faster than eye,"{""initiative"":3}"
Superhero,Ability,Super Strength,Lift incredible weights,"{""strength"":5}"
Superhero,Ability,Telekinesis,Move objects with mind,"{""utility"":""force""}"
Superhero,Ability,Telepathy,Read minds,"{""social"":""telepathy""}"
Superhero,Ability,X-Ray Vision,See through objects,"{""perception"":""xray""}"
Superhero,Character,Alien Paragon,Superman archetype,"{""power_level"":5,""connection"":""hero""}"
Superhero,Character,Amazonian Warrior,Ancient fighter,"{""power_level"":4,""connection"":""hero""}"
Superhero,Character,Cosmic Entity,Immense power,"{""power_level"":5,""connection"":""cosmic""}"
Superhero,Character,Government Agent,Official operative,"{""power_level"":2,""connection"":""gov""}"
Superhero,Character,Magic User,Sorcerer,"{""power_level"":4,""connection"":""magic""}"
Superhero,Character,Mutated Outcast,Feared monster hero,"{""power_level"":3,""connection"":""mutant""}"
Superhero,Character,Mystical Guardian,Chosen protector,"{""power_level"":4,""connection"":""magic""}"
Superhero,Character,Reformed Villain,Seeking redemption,"{""power_level"":3,""connection"":""villain""}"
Superhero,Character,Shapeshifter,Fluid form,"{""power_level"":3,""connection"":""mystery""}"
Superhero,Character,Speedster,Fast mover,"{""power_level"":3,""connection"":""hero""}"
Superhero,Character,Street-Level Hero,Neighborhood defender,"{""power_level"":2,""connection"":""vigilante""}"
Superhero,Character,Tech Billionaire,Armored inventor,"{""power_level"":3,""connection"":""tech""}"
Superhero,Character,Teen Hero,Learning powers,"{""power_level"":1,""connection"":""rookie""}"
Superhero,Character,The Sidekick,Learning from mentor,"{""power_level"":1,""connection"":""rookie""}"
Superhero,Character,The Vigilante,Street justice,"{""power_level"":2,""connection"":""vigilante""}"
Superhero,Character,Time Traveler,Prevent catastrophe,"{""power_level"":4,""connection"":""future""}"
Superhero,Drawback,Arch-Nemesis,Personal enemy,"{""nemesis"":true}"
Superhero,Drawback,Arrogant,Overconfident,"{""hubris"":true}"
Superhero,Drawback,Celestial Dependence,Powers tied to stars,"{""dependency"":""celestial""}"
Superhero,Drawback,Civilian Casualties,Guilt over damage,"{""morale"":-1}"
Superhero,Drawback,Collateral Damage,Destroy property,"{""reputation"":-1}"
Superhero,Drawback,Duality Curse,Warring personalities,"{""sanity_loss"":true}"
Superhero,Drawback,Hunted by Government,Seen as threat,"{""hunted"":true}"
Superhero,Drawback,No Kill Rule,Refusal to take life,"{""restriction"":""violence""}"
Superhero,Drawback,Power Overload,Surge beyond control,"{""glitch"":true}"
Superhero,Drawback,Prophesied Doom,Destined for catastrophe,"{""destiny"":""doom""}"
Superhero,Drawback,Public Menace,Seen as threat,"{""reputation"":-1}"
Superhero,Drawback,Reckless,Impulsive action,"{""risk"":true}"
Superhero,Drawback,Secret Identity,Civilian life,"{""secret"":true}"
Superhero,Drawback,Specific Weakness,Substance negates powers,"{""weakness"":""specific""}"
Superhero,Drawback,Tormented,Haunted by failures,"{""morale"":-1}"
Superhero,Drawback,Vulnerability (Magic),No defense against mystic,"{""weakness"":""magic""}"
Superhero,Item,Anti-Gravity Boots,Flight capability,"{""movement"":""flight""}"
Superhero,Item,Bat-Signal,Call for help,"{""utility"":""signal""}"
Superhero,Item,Cosmic Cube,Reality warping,"{""utility"":""godlike""}"
Superhero,Item,Dimensional Portal Device,Travel between realities,"{""movement"":""dimension""}"
Superhero,Item,Enchanted Hammer,Lightning weapon,"{""damage"":3,""magical"":true}"
Superhero,Item,Energy Gauntlets,Channel blasts,"{""damage"":2,""range"":""medium""}"
Superhero,Item,High-Tech Suit,Advanced armor,"{""armor"":3}"
Superhero,Item,Indestructible Shield,Defensive disc,"{""armor"":3,""damage"":1}"
Superhero,Item,Magic Lasso,Compels truth,"{""utility"":""interrogation""}"
Superhero,Item,Mystic Amulet,Power source,"{""utility"":""magic""}"
Superhero,Item,Power Dampening Cuffs,Suppress abilities,"{""utility"":""restrain""}"
Superhero,Item,Power Ring,Light constructs,"{""utility"":""construct""}"
Superhero,Item,Regeneration Serum,Heals wounds,"{""heal"":3}"
Superhero,Item,The Cape,Iconic symbol,"{""utility"":""social""}"
Superhero,Item,Utility Belt,Gadgets,"{""utility"":""versatile""}"
Superhero,Item,Web-Shooters,Adhesive polymer,"{""utility"":""trap""}"
Superhero,Skill,Acrobatics,Gymnastic ability,"{""skill"":""athletics""}"
Superhero,Skill,Deduction,Solve mysteries,"{""skill"":""investigation""}"
Superhero,Skill,Diplomacy,Negotiate,"{""skill"":""social""}"
Superhero,Skill,Forensics,Analyze evidence,"{""skill"":""science""}"
Superhero,Skill,Gadgetry,Invent devices,"{""skill"":""tech""}"
Superhero,Skill,Investigation,Detective work,"{""skill"":""investigation""}"
Superhero,Skill,Leadership,Coordinate team,"{""skill"":""social""}"
Superhero,Skill,Martial Arts,Hand-to-hand,"{""skill"":""combat""}"
Superhero,Skill,Piloting,Operate vehicles,"{""skill"":""pilot""}"
Superhero,Skill,Psychology,Understand minds,"{""skill"":""science""}"
Superhero,Skill,Public Relations,Manage image,"{""skill"":""social""}"
Superhero,Skill,Public Speaking,Inspire hope,"{""skill"":""social""}"
Superhero,Skill,Science,Physics and chemistry,"{""skill"":""science""}"
Superhero,Skill,Stealth,Move unseen,"{""skill"":""stealth""}"
Superhero,Skill,Strategy,Long-term planning,"{""skill"":""tactics""}"
Superhero,Skill,Tactics,Real-time coordination,"{""skill"":""tactics""}"
Superhero,Trait,Altruistic,Care for all,"{""trait"":true}"
Superhero,Trait,Compassionate,Deep empathy,"{""trait"":true}"
Superhero,Trait,Conflicted,Moral struggle,"{""trait"":true}"
Superhero,Trait,Determined,Never give up,"{""trait"":true}"
Superhero,Trait,Endurance,Limitless stamina,"{""trait"":true}"
Superhero,Trait,Fearless,Face danger,"{""trait"":true}"
Superhero,Trait,Incorruptible,Absolute morality,"{""trait"":true}"
Superhero,Trait,Leader,Natural command,"{""trait"":true}"
Superhero,Trait,Noble,Dignity,"{""trait"":true}"
Superhero,Trait,Pragmatic,Practicality,"{""trait"":true}"
Superhero,Trait,Reflexes,Speed,"{""trait"":true}"
Superhero,Trait,Selfless,Sacrifice,"{""trait"":true}"
Superhero,Trait,Strength,Peak power,"{""trait"":true}"